,month_year,consumed_mem_gb,tool_name_version
0,2022-07,115944,rna_star/2.7.8a+galaxy0
1,2022-07,97530,fastqc/0.73+galaxy0
2,2022-07,84551,hisat2/2.2.1+galaxy0
3,2022-07,66610,ncbi_blastp_wrapper/2.10.1+galaxy0
4,2022-07,61386,bowtie2/2.4.2+galaxy0
5,2022-07,61349,ncbi_blastn_wrapper/2.10.1+galaxy0
6,2022-07,58417,trimmomatic/0.38.0
7,2022-07,45426,__DATA_FETCH__/__DATA_FETCH__
8,2022-07,43321,spades/3.15.3+galaxy2
9,2022-07,34452,trinity/2.9.1+galaxy2
10,2022-07,29045,ucsc_table_direct1/ucsc_table_direct1
11,2022-07,28827,fasterq_dump/2.11.0+galaxy1
12,2022-07,24219,featurecounts/2.0.1+galaxy2
13,2022-07,21375,rbc_mirdeep2_mapper/2.0.0.8.1
14,2022-07,19343,bwa_mem/0.7.17.2
15,2022-07,18495,trim_galore/0.6.7+galaxy0
16,2022-07,15889,CONVERTER_gz_to_uncompressed/CONVERTER_gz_to_uncompressed
17,2022-07,15755,htseq_count/0.9.1
18,2022-07,15295,kraken/1.3.1
19,2022-07,12316,stringtie/2.1.7+galaxy1
20,2022-07,12133,abricate/1.0.1
21,2022-07,11809,cutadapt/4.0+galaxy0
22,2022-07,9799,prokka/1.14.6+galaxy1
23,2022-07,9525,minimap2/2.24+galaxy0
24,2022-07,8668,fastq_combiner/1.1.5
25,2022-07,8559,unicycler/0.4.8.0
26,2022-07,7969,fastp/0.23.2+galaxy0
27,2022-07,7943,fastq_dump/2.11.0+galaxy0
28,2022-07,7433,bwa/0.7.17.4
29,2022-07,7328,deseq2/2.11.40.7+galaxy1
30,2022-07,7011,samtools_sort/2.0.3
31,2022-07,6789,snippy/4.6.0+galaxy0
32,2022-07,6480,macs2_callpeak/2.1.1.20160309.6
33,2022-07,5624,repeatmasker_wrapper/4.1.2-p1+galaxy1
34,2022-07,5327,kallisto_quant/0.46.2+galaxy0
35,2022-07,5071,kraken2/2.1.1+galaxy1
36,2022-07,4807,rna_starsolo/2.7.8a
37,2022-07,4804,fastqc/0.72+galaxy1
38,2022-07,4739,salmon/1.5.1+galaxy0
39,2022-07,4535,deeptools_bam_coverage/3.5.1.0.0
40,2022-07,4150,ncbi_blastx_wrapper/2.10.1+galaxy0
41,2022-07,4117,bwa_mem2/2.2.1+galaxy0
42,2022-07,3793,tophat2/2.1.1
43,2022-07,3589,wig_to_bigWig/wig_to_bigWig
44,2022-07,3534,picard_MarkDuplicates/2.18.2.3
45,2022-07,3324,fastq_groomer/1.1.5
46,2022-07,3039,qualimap_bamqc/2.2.2c
47,2022-07,3034,ncbi_tblastn_wrapper/2.10.1+galaxy0
48,2022-07,2992,flye/2.9+galaxy0
49,2022-07,2929,picard_MarkDuplicates/2.18.2.2
50,2022-07,2860,trim_galore/0.4.3.1
51,2022-07,2794,shovill/1.1.0+galaxy1
52,2022-07,2695,CONVERTER_bedgraph_to_bigwig/CONVERTER_bedgraph_to_bigwig
53,2022-07,2459,freebayes/1.3.1
54,2022-07,2321,Grep1/Grep1
55,2022-07,2279,deeptools_compute_matrix/3.5.1.0.0
56,2022-07,2178,cufflinks/2.2.1.3
57,2022-07,2123,rbc_mirdeep2_quantifier/2.0.0
58,2022-07,2089,chipseeker/1.18.0+galaxy1
59,2022-07,2040,bowtie2/2.3.4.3+galaxy0
60,2022-07,1925,rnaspades/3.15.4+galaxy0
61,2022-07,1919,bamFilter/2.4.1
62,2022-07,1914,megahit/1.2.9+galaxy0
63,2022-07,1866,CONVERTER_bam_to_coodinate_sorted_bam/CONVERTER_bam_to_coodinate_sorted_bam
64,2022-07,1830,bedtools_bamtobed/2.30.0+galaxy2
65,2022-07,1816,dexseq_count/1.28.1.0
66,2022-07,1795,tp_cat/0.1.1
67,2022-07,1769,qualimap_bamqc/2.2.2d+galaxy3
68,2022-07,1727,dada2_filterAndTrim/1.20+galaxy0
69,2022-07,1617,deeptools_bam_compare/3.5.1.0.0
70,2022-07,1589,lofreq_call/2.1.5+galaxy1
71,2022-07,1577,deeptools_plot_heatmap/3.5.1.0.1
72,2022-07,1567,cuffdiff/2.2.1.6
73,2022-07,1508,Filter1/Filter1
74,2022-07,1484,metaspades/3.15.3+galaxy2
75,2022-07,1482,samtools_rmdup/2.0.1
76,2022-07,1460,samtool_filter2/1.8+galaxy1
77,2022-07,1410,bg_diamond/2.0.15+galaxy0
78,2022-07,1404,bam_to_sam/2.0.1
79,2022-07,1400,bwa_mem/0.7.17.1
80,2022-07,1361,CONVERTER_fastq_to_fqtoc0/CONVERTER_fastq_to_fqtoc0
81,2022-07,1323,dada2_mergePairs/1.20+galaxy0
82,2022-07,1236,bg_find_subsequences/0.2
83,2022-07,1197,cat_multiple/0.2
84,2022-07,1188,cshl_fastx_trimmer/1.0.2+galaxy0
85,2022-07,1175,bwameth/0.2.2
86,2022-07,1147,iqtree/2.1.2+galaxy2
87,2022-07,1140,ctb_alignit/1.0.4+galaxy0
88,2022-07,1140,diffbind/2.10.0+galaxy0
89,2022-07,1136,CONVERTER_bam_to_bigwig_0/CONVERTER_bam_to_bigwig_0
90,2022-07,1114,snpEff/4.3+T.galaxy1
91,2022-07,1060,scanpy_plot/1.7.1+galaxy1
92,2022-07,1043,Cut1/Cut1
93,2022-07,974,fastp/0.20.1+galaxy0
94,2022-07,932,ebi_sra_main/ebi_sra_main
95,2022-07,925,bedtools_getfastabed/2.30.0
96,2022-07,919,scanpy_remove_confounders/1.7.1+galaxy0
97,2022-07,916,lofreq_viterbi/2.1.5+galaxy0
98,2022-07,889,hisat2/2.1.0+galaxy4
99,2022-07,858,cat1/cat1
100,2022-07,855,__SET_METADATA__/__SET_METADATA__
101,2022-07,855,limma_voom/3.48.0+galaxy2
102,2022-07,850,fastq_to_fasta_python/1.1.5
103,2022-07,848,samtools_fastx/1.13
104,2022-07,838,samtools_view/1.13+galaxy2
105,2022-07,837,ngsutils_bam_filter/0.5.9
106,2022-07,806,fastq_trimmer/1.1.5
107,2022-07,806,CONVERTER_bam_to_qname_sorted_bam/CONVERTER_bam_to_qname_sorted_bam
108,2022-07,802,mothur_align_seqs/1.39.5.0
109,2022-07,800,snpSift_annotate/4.3+t.galaxy1
110,2022-07,798,samtools_mpileup/2.1.4
111,2022-07,797,mothur_make_contigs/1.39.5.1
112,2022-07,791,genrich/0.5+galaxy2
113,2022-07,791,rnaspades/3.9.0.3
114,2022-07,784,antismash/6.1.1+galaxy0
115,2022-07,759,samtools_merge/1.13
116,2022-07,746,rbc_mafft/7.489+galaxy0
117,2022-07,737,deeptools_multi_bam_summary/3.5.1.0.0
118,2022-07,735,samtools_stats/2.0.2+galaxy2
119,2022-07,734,featurecounts/2.0.1+galaxy1
120,2022-07,733,cutadapt/3.7+galaxy0
121,2022-07,712,velvetoptimiser/2.2.6
122,2022-07,699,mothur_summary_seqs/1.39.5.0
123,2022-07,694,join1/join1
124,2022-07,694,mothur_screen_seqs/1.39.5.1
125,2022-07,677,slamdunk/0.4.3+galaxy1
126,2022-07,663,picard_CollectInsertSizeMetrics/2.18.2.1
127,2022-07,625,seq_filter_by_id/0.2.7
128,2022-07,623,samtools_idxstats/2.0.3
129,2022-07,615,datamash_ops/1.1.0+galaxy2
130,2022-07,613,seqtk_sample/1.3.2
131,2022-07,609,deeptools_compute_matrix/3.3.2.0.0
132,2022-07,585,rna_star/2.6.0b-1
133,2022-07,581,deeptools_plot_profile/3.5.1.0.0
134,2022-07,579,quast/5.0.2+galaxy5
135,2022-07,566,multiqc/1.11+galaxy0
136,2022-07,562,deeptools_bigwig_compare/3.5.1.0.0
137,2022-07,555,fastq_paired_end_deinterlacer/1.1.5
138,2022-07,551,fastqc/0.72
139,2022-07,543,ncbi_tblastn_wrapper/0.3.0
140,2022-07,536,deseq2/2.11.40.6+galaxy1
141,2022-07,536,regex1/1.0.1
142,2022-07,515,cshl_fastx_barcode_splitter/1.0.1
143,2022-07,494,varscan/2.4.2
144,2022-07,492,bamtools/2.4.0.0
145,2022-07,483,picard_MergeSamFiles/2.18.2.1
146,2022-07,479,seacr/1.3+galaxy1
147,2022-07,477,picard_SamToFastq/2.18.2.2
148,2022-07,476,compress_file/0.1.0
149,2022-07,475,ggplot2_heatmap2/3.0.1
150,2022-07,461,gatk4_mutect2/4.1.7.0+galaxy1
151,2022-07,454,bedtools_intersectbed/2.30.0
152,2022-07,450,sam_dump/2.11.0+galaxy0
153,2022-07,448,samtools_flagstat/2.0.3
154,2022-07,446,picard_SortSam/2.18.2.1
155,2022-07,443,Count1/Count1
156,2022-07,433,mergeCols1/mergeCols1
157,2022-07,425,Extract genomic DNA 1/3.0.3+galaxy2
158,2022-07,414,bedtools_coveragebed/2.30.0
159,2022-07,413,seurat/4.0.5+galaxy0
160,2022-07,410,fastq_paired_end_interlacer/1.2.0.1+galaxy0
161,2022-07,410,annotatemyids/3.12.0+galaxy1
162,2022-07,410,deeptools_plot_heatmap/3.3.2.0.1
163,2022-07,409,ivar_variants/1.3.1+galaxy2
164,2022-07,408,cutadapt/1.16.6
165,2022-07,395,deeptools_bam_coverage/3.3.2.0.0
166,2022-07,390,fasttree/2.1.10+galaxy1
167,2022-07,387,anndata_manipulate/0.7.5+galaxy0
168,2022-07,385,orfipy/0.0.4+galaxy0
169,2022-07,385,bcftools_mpileup/1.10
170,2022-07,380,__EXPORT_HISTORY__/__EXPORT_HISTORY__
171,2022-07,379,CONVERTER_interval_to_bed_0/CONVERTER_interval_to_bed_0
172,2022-07,377,scanpy_inspect/1.7.1+galaxy0
173,2022-07,377,dada2_dada/1.20+galaxy0
174,2022-07,374,filter_by_fasta_ids/2.3
175,2022-07,372,pygenomeTracks/3.6
176,2022-07,369,CONVERTER_uncompressed_to_gz/CONVERTER_uncompressed_to_gz
177,2022-07,367,ncbi_tblastx_wrapper/2.10.1+galaxy0
178,2022-07,367,bcftools_norm/1.10
179,2022-07,367,bbtools_bbmap/1.0.0+galaxy4
180,2022-07,365,fasta2tab/1.1.1
181,2022-07,350,goseq/1.44.0+galaxy0
182,2022-07,347,bg_diamond_makedb/2.0.15+galaxy0
183,2022-07,343,anndata_inspect/0.7.5+galaxy0
184,2022-07,341,mothur_classify_seqs/1.39.5.0
185,2022-07,340,tp_grep_tool/1.1.1
186,2022-07,337,docking/1.2.3+galaxy0
187,2022-07,332,deg_annotate/1.1.0
188,2022-07,330,ivar_consensus/1.3.1+galaxy0
189,2022-07,328,cuffmerge/0.0.5
190,2022-07,328,CONVERTER_bed_gff_or_vcf_to_bigwig_0/CONVERTER_bed_gff_or_vcf_to_bigwig_0
191,2022-07,317,hisat2/2.1.0+galaxy5
192,2022-07,315,td/1.0.2
193,2022-07,312,roary/3.13.0+galaxy2
194,2022-07,311,mothur_fastq_info/1.39.5.0
195,2022-07,308,picard_CleanSam/2.18.2.1
196,2022-07,308,mothur_pre_cluster/1.39.5.0
197,2022-07,307,egsea/1.20.0
198,2022-07,306,rseqc_read_distribution/2.6.4.1
199,2022-07,306,scanpy_filter/1.7.1+galaxy0
200,2022-07,305,medaka_consensus/1.4.4+galaxy0
201,2022-07,305,cshl_fastx_reverse_complement/1.0.2+galaxy0
202,2022-07,303,csv_to_tabular/csv_to_tabular
203,2022-07,302,kallisto_quant/0.43.1.3
204,2022-07,301,sra_source/sra_source
205,2022-07,299,lofreq_indelqual/2.1.5+galaxy0
206,2022-07,298,bedtools_genomecoveragebed/2.30.0
207,2022-07,297,qualimap_rnaseq/2.2.2d+galaxy1
208,2022-07,291,tp_easyjoin_tool/1.1.2
209,2022-07,289,stringtie_merge/2.1.7+galaxy1
210,2022-07,286,exomedepth/1.1.0
211,2022-07,281,cshl_fastq_quality_filter/1.0.2+galaxy0
212,2022-07,281,gops_intersect_1/1.0.0
213,2022-07,276,porechop/0.2.4
214,2022-07,275,ncbi_tblastn_wrapper/0.3.3
215,2022-07,275,fastq_filter/1.1.5
216,2022-07,273,dropletutils/1.10.0+galaxy2
217,2022-07,268,macs2_bdgcmp/2.1.1.20160309.0
218,2022-07,267,tp_sed_tool/1.1.1
219,2022-07,266,rna_star/2.7.8a
220,2022-07,265,wc_gnu/wc_gnu
221,2022-07,264,Add_a_column1/1.6
222,2022-07,263,ivar_trim/1.2.2+galaxy1
223,2022-07,263,repeatmasker_wrapper/4.0.9
224,2022-07,261,stringtie/2.1.1
225,2022-07,259,deeptools_plot_fingerprint/3.5.1.0.0
226,2022-07,258,pilon/1.20.1
227,2022-07,251,ivar_trim/1.3.1+galaxy2
228,2022-07,248,maxquant/1.6.10.43+galaxy3
229,2022-07,245,dexseq/1.28.1+galaxy1
230,2022-07,243,presto_parselog/0.5.4
231,2022-07,238,fastq_join/1.1.2-806.1
232,2022-07,237,volcanoplot/0.0.5
233,2022-07,236,CONVERTER_Bam_Bai_0/CONVERTER_Bam_Bai_0
234,2022-07,234,collapse_dataset/5.1.0
235,2022-07,233,mothur_cluster_split/1.39.5.0
236,2022-07,230,rseqc_infer_experiment/2.6.4.1
237,2022-07,229,sort1/sort1
238,2022-07,224,mothur_filter_seqs/1.39.5.0
239,2022-07,224,vcffilter2/1.0.0_rc3+galaxy3
240,2022-07,223,sam_pileup/1.1.3
241,2022-07,222,tp_sort_header_tool/1.1.1
242,2022-07,218,samtools_fixmate/1.13
243,2022-07,218,featurecounts/1.6.3+galaxy2
244,2022-07,218,CONVERTER_fasta_to_tabular/CONVERTER_fasta_to_tabular
245,2022-07,214,tab2fasta/1.1.1
246,2022-07,212,fgsea/1.8.0+galaxy1
247,2022-07,210,Grouping1/Grouping1
248,2022-07,203,snippy_core/4.6.0+galaxy0
249,2022-07,203,samtools_slice_bam/2.0.1
250,2022-07,202,pe_histogram/1.0.1
251,2022-07,201,plant_tribes_kaks_analysis/1.0.3.0
252,2022-07,200,rseqc_geneBody_coverage/2.6.4.3
253,2022-07,198,feelnc/0.2
254,2022-07,198,tp_cut_tool/1.1.0
255,2022-07,198,bedtools_mergebed/2.30.0
256,2022-07,197,sam_to_bam/2.1.1
257,2022-07,196,fastq_info/0.25.1+Galaxy0
258,2022-07,195,dada2_learnErrors/1.20+galaxy0
259,2022-07,193,gffread/2.2.1.3+galaxy0
260,2022-07,192,lastz_wrapper_2/1.3.3
261,2022-07,192,trinity_psc/0.0.1
262,2022-07,191,snpSift_filter/4.3+t.galaxy1
263,2022-07,190,diffbind/2.10.0
264,2022-07,188,edger/3.34.0+galaxy2
265,2022-07,188,spades/3.12.0+galaxy1
266,2022-07,187,fastq_paired_end_splitter/1.1.5
267,2022-07,187,comp1/comp1
268,2022-07,187,sailfish/0.10.1.1
269,2022-07,186,alevin/1.3.0+galaxy2
270,2022-07,185,spaln/2.4.6+galaxy0
271,2022-07,183,mothur_unique_seqs/1.39.5.0
272,2022-07,183,ncbi_blastx_wrapper/0.3.3
273,2022-07,181,tophat/1.5.0
274,2022-07,180,deeptools_plot_correlation/3.5.1.0.0
275,2022-07,179,presto_maskprimers/0.5.4
276,2022-07,179,mothur_make_contigs/1.39.5.0
277,2022-07,178,jbrowse/1.16.11+galaxy1
278,2022-07,178,mixcr_analyze/3.0.5.0
279,2022-07,178,deeptools_multi_bigwig_summary/3.5.1.0.0
280,2022-07,177,augustus/3.4.0+galaxy1
281,2022-07,176,scanpy_plot/1.4.4.post1+galaxy3
282,2022-07,176,scanpy_cluster_reduce_dimension/1.7.1+galaxy0
283,2022-07,175,fastq_manipulation/1.1.5
284,2022-07,174,datasets_download_genome/13.24.1+galaxy1
285,2022-07,173,dada2_assignTaxonomyAddspecies/1.20+galaxy0
286,2022-07,171,tp_replace_in_column/1.1.3
287,2022-07,170,meme_meme/5.0.5.0
288,2022-07,166,trinity_align_and_estimate_abundance/2.9.1+galaxy1
289,2022-07,166,trim_galore/0.6.3
290,2022-07,166,picard_CollectRnaSeqMetrics/2.18.2.2
291,2022-07,165,presto_filterseq/0.5.4
292,2022-07,165,mothur_screen_seqs/1.39.5.0
293,2022-07,164,seqtk_sample/1.2.0
294,2022-07,163,snpeff_sars_cov_2/4.5covid19
295,2022-07,162,meme_chip/4.11.2+galaxy1
296,2022-07,161,regexColumn1/1.0.1
297,2022-07,159,Convert characters1/Convert characters1
298,2022-07,158,bcftools_call/1.10
299,2022-07,156,bioext_bealign/0.20.4+galaxy0
300,2022-07,154,mimodd_align/0.1.9
301,2022-07,151,tabular_to_csv/tabular_to_csv
302,2022-07,144,bacteria_tradis/1.4.5+galaxy2
303,2022-07,143,varscan_mpileup/2.4.3.1
304,2022-07,143,pangolin/4.0.5+galaxy2
305,2022-07,142,picard_FilterSamReads/2.18.2.1
306,2022-07,142,cshl_fastx_trimmer/1.0.0
307,2022-07,142,gffcompare/0.11.2
308,2022-07,141,tp_find_and_replace/1.1.3
309,2022-07,140,cshl_fastx_collapser/1.0.1
310,2022-07,140,tp_awk_tool/1.1.2
311,2022-07,140,ncbi_makeblastdb/2.10.1+galaxy0
312,2022-07,140,tximport/1.22.0
313,2022-07,136,mimodd_varcall/0.1.9
314,2022-07,134,maker/2.31.11+galaxy1
315,2022-07,133,umi_tools_extract/1.1.2+galaxy2
316,2022-07,133,mummer_nucmer/4.0.0rc1+galaxy2
317,2022-07,133,addValue/addValue
318,2022-07,132,presto_assemblepairs/0.6.2+galaxy0
319,2022-07,128,fastq_paired_end_joiner/2.0.1.1+galaxy0
320,2022-07,127,qualimap_bamqc/2.2.2d+galaxy1
321,2022-07,127,samtools_view/1.13+galaxy1
322,2022-07,125,medaka_variant/1.4.4+galaxy0
323,2022-07,125,racon/1.5.0+galaxy0
324,2022-07,124,rseqc_bam_stat/2.6.4
325,2022-07,123,picard_CASM/2.18.2.1
326,2022-07,123,anndata_import/0.7.5+galaxy0
327,2022-07,123,peakcalling_sicer/1.1
328,2022-07,119,cshl_fastx_clipper/1.0.3+galaxy0
329,2022-07,119,nanoplot/1.28.2+galaxy1
330,2022-07,118,fasta-stats/2.0
331,2022-07,116,circos/0.69.8+galaxy7
332,2022-07,116,bedtools_map/2.30.0.2
333,2022-07,115,mothur_count_seqs/1.39.5.0
334,2022-07,113,bedtools_bamtofastq/2.27.1
335,2022-07,112,cshl_fastq_to_fasta/1.0.2
336,2022-07,111,collection_column_join/0.0.3
337,2022-07,106,macs2_bdgdiff/2.1.1.20160309.1
338,2022-07,106,spades_plasmidspades/3.15.4+galaxy0
339,2022-07,105,bedtools_multicovtbed/2.30.0
340,2022-07,105,snpEff_download/4.3+T.galaxy2
341,2022-07,105,bamleftalign/1.3.1
342,2022-07,104,samtools_bedcov/2.0.2
343,2022-07,104,velveth/1.2.10.2
344,2022-07,102,samtools_view/1.9+galaxy3
345,2022-07,102,snpSift_extractFields/4.3+t.galaxy0
346,2022-07,100,macs2_bdgpeakcall/2.1.1.20160309.0
347,2022-07,95,scanpy_find_markers/1.7.2+galaxy0
348,2022-07,95,ruvseq/1.26.0+galaxy0
349,2022-07,95,picard_ValidateSamFile/2.18.2.1
350,2022-07,95,samtools_ampliconclip/1.13
351,2022-07,94,bigwigtowig/bigwigtowig
352,2022-07,93,raceid_filtnormconf/3.1
353,2022-07,91,samtools_calmd/2.0.2
354,2022-07,91,bellerophon/1.0+galaxy0
355,2022-07,91,prinseq/0.20.4+galaxy1
356,2022-07,90,bcftools_consensus/1.10+galaxy1
357,2022-07,89,maxbin2/2.2.7+galaxy2
358,2022-07,89,mummer_mummer/4.0.0rc1+galaxy2
359,2022-07,89,bedtools_sortbed/2.30.0
360,2022-07,89,bedtools_bedtobam/2.30.0
361,2022-07,89,presto_pairseq/0.5.4
362,2022-07,89,picard_FastqToSam/2.18.2.2
363,2022-07,88,Remove beginning1/Remove beginning1
364,2022-07,88,samtools_view/1.9+galaxy2
365,2022-07,87,cutadapt/3.4+galaxy0
366,2022-07,87,bioext_bam2msa/0.20.4+galaxy0
367,2022-07,86,trimmer/trimmer
368,2022-07,86,get_read_pipeline/1.0
369,2022-07,86,picard_DownsampleSam/2.18.2.1
370,2022-07,86,samtools_markdup/1.13+galaxy1
371,2022-07,85,presto_parseheaders/0.5.4
372,2022-07,85,transdecoder/5.5.0+galaxy2
373,2022-07,84,datamash_ops/1.1.0
374,2022-07,84,mothur_reverse_seqs/1.39.5.0
375,2022-07,83,alevin/1.5.1+galaxy0
376,2022-07,83,deeptools_plot_coverage/3.5.1.0.0
377,2022-07,82,taxonomy_krona_chart/2.7.1
378,2022-07,82,sceasy_convert/0.0.5+galaxy1
379,2022-07,81,samtools_depth/1.13
380,2022-07,81,fasta_filter_by_length/1.2
381,2022-07,81,gops_join_1/1.0.0
382,2022-07,80,CONVERTER_gff_to_bed_0/CONVERTER_gff_to_bed_0
383,2022-07,80,kraken-translate/1.3.1
384,2022-07,79,anndata_manipulate/0.6.22.post1+galaxy4
385,2022-07,79,kallisto_pseudo/0.46.2+galaxy0
386,2022-07,78,jvarkit_wgscoverageplotter/20201223+galaxy0
387,2022-07,78,dada2_plotQualityProfile/1.20+galaxy0
388,2022-07,78,scanpy_inspect/1.4.4.post1+galaxy3
389,2022-07,77,tp_tail_tool/1.1.0
390,2022-07,77,presto_buildconsensus/0.5.4
391,2022-07,77,featureCoverage1/2.0.0
392,2022-07,76,naive_variant_caller/0.0.4
393,2022-07,75,fastq_to_tabular/1.1.5
394,2022-07,75,flash/1.2.11.4
395,2022-07,73,fasta_merge_files_and_filter_unique_sequences/1.2.0
396,2022-07,73,gtftobed12/357
397,2022-07,72,mothur_merge_files/1.39.5.0
398,2022-07,72,pileup_parser/1.0.2
399,2022-07,70,macs2_predictd/2.1.1.20160309.1
400,2022-07,70,varscan_somatic/2.4.3.6
401,2022-07,70,mothur_pcr_seqs/1.39.5.0
402,2022-07,68,random_lines1/random_lines1
403,2022-07,68,ivar_removereads/1.3.1+galaxy2
404,2022-07,68,flye/2.6
405,2022-07,68,CONVERTER_interval_to_bedstrict_0/CONVERTER_interval_to_bedstrict_0
406,2022-07,68,Summary_Statistics1/Summary_Statistics1
407,2022-07,67,scanpy_plot_embed/1.7.2+galaxy0
408,2022-07,67,gops_coverage_1/1.0.0
409,2022-07,66,kraken-report/1.3.1
410,2022-07,66,gfastats/1.2.2+galaxy0
411,2022-07,66,raceid_clustering/3.1
412,2022-07,64,clustalw/2.1
413,2022-07,64,table_compute/1.2.4+galaxy0
414,2022-07,64,Kraken2Tax/1.2
415,2022-07,64,star_fusion/0.5.4-3+galaxy1
416,2022-07,63,md_converter/1.9.6+galaxy0
417,2022-07,63,cutadapt/3.5+galaxy1
418,2022-07,62,bedtools_subtractbed/2.30.0
419,2022-07,62,dropletutils_read_10x/1.0.4+galaxy0
420,2022-07,62,basil/1.2.0
421,2022-07,62,alleyoop/0.4.3+galaxy1
422,2022-07,62,bedtools_intersectbed/2.29.0
423,2022-07,62,vcf2tsv/1.0.0_rc3+galaxy0
424,2022-07,61,bioext_bealign/0.20.1+galaxy1
425,2022-07,61,bwameth/0.2.3+galaxy0
426,2022-07,60,featurecounts/2.0.1
427,2022-07,60,CONVERTER_wiggle_to_interval_0/CONVERTER_wiggle_to_interval_0
428,2022-07,60,cshl_fastx_quality_statistics/1.0.1
429,2022-07,60,tp_replace_in_line/1.1.2
430,2022-07,59,velvetg/1.2.10.2
431,2022-07,59,deeptools_plot_profile/3.3.2.0.0
432,2022-07,58,sam_bw_filter/1.0.0
433,2022-07,58,ncbi_acc_download/0.2.7+galaxy0
434,2022-07,58,_ensembl_gtf2gene_list/1.42.1+galaxy6
435,2022-07,58,staramr_search/0.5.1
436,2022-07,57,goenrichment/2.0.1
437,2022-07,56,snpEff_build_gb/4.3+T.galaxy4
438,2022-07,55,fastq_quality_trimmer/1.1.5
439,2022-07,55,bp_genbank2gff3/1.1
440,2022-07,55,search_gui/4.0.41+galaxy1
441,2022-07,54,CONVERTER_bz2_to_uncompressed/CONVERTER_bz2_to_uncompressed
442,2022-07,54,MAF_To_BED1/MAF_To_BED1
443,2022-07,54,scanpy_normalize/1.7.1+galaxy0
444,2022-07,53,tp_multijoin_tool/1.1.1
445,2022-07,53,tp_sorted_uniq/1.1.0
446,2022-07,52,bedtools_bamtobed/2.29.2
447,2022-07,52,pangolin/3.1.17+galaxy1
448,2022-07,52,EMBOSS: water107/5.0.0.1
449,2022-07,52,vcfvcfintersect/1.0.0_rc3+galaxy0
450,2022-07,51,microsatellite/1.0.0
451,2022-07,50,CONVERTER_gff_to_interval_index_0/CONVERTER_gff_to_interval_index_0
452,2022-07,50,CONVERTER_bed_to_gff_0/CONVERTER_bed_to_gff_0
453,2022-07,49,scanpy_plot/1.7.1+galaxy0
454,2022-07,49,tetyper/1.1+galaxy1
455,2022-07,49,scanpy_cluster_reduce_dimension/1.4.4.post1+galaxy3
456,2022-07,49,presto_assemblepairs/0.5.4
457,2022-07,49,mothur_taxonomy_to_krona/1.0
458,2022-07,49,add_line_to_file/0.1.0
459,2022-07,49,nextclade/1.4.1+galaxy0
460,2022-07,49,CONVERTER_fasta_to_fai/CONVERTER_fasta_to_fai
461,2022-07,48,gmx_sim/2022+galaxy0
462,2022-07,48,CONVERTER_interval_to_bgzip_0/CONVERTER_interval_to_bgzip_0
463,2022-07,48,column_remove_by_header/0.0.1
464,2022-07,48,intervene_pairwise/0.6.5
465,2022-07,48,make_families/3.0.2
466,2022-07,47,pathview/1.24.0+galaxy0
467,2022-07,47,rbc_splitfasta/0.4.0
468,2022-07,47,alphafold/2.1.2+galaxy0
469,2022-07,46,peptide_shaker/2.0.33+galaxy1
470,2022-07,46,scanpy_filter_cells/1.7.2+galaxy0
471,2022-07,46,replace_column_with_key_value_file/0.2
472,2022-07,45,upload1/upload1
473,2022-07,45,scanpy_read_10x/1.6.0+galaxy0
474,2022-07,45,gprofiler_gost/0.1.7+galaxy11
475,2022-07,45,fasta_compute_length/1.0.3
476,2022-07,45,filtlong/0.2.1+galaxy0
477,2022-07,44,rseqc_read_duplication/2.6.4
478,2022-07,44,allele_counts_1/1.3.2
479,2022-07,44,newick_display/1.6+galaxy1
480,2022-07,44,ruvseq/1.16.0+galaxy1
481,2022-07,43,bedtools_bamtobed/2.30.0+galaxy1
482,2022-07,42,EMBOSS: transeq101/5.0.0
483,2022-07,42,fastq_stats/1.1.5
484,2022-07,42,mimodd_vcf_filter/0.1.9
485,2022-07,42,mummer_dnadiff/4.0.0rc1+galaxy2
486,2022-07,42,CONVERTER_sam_to_bigwig_0/CONVERTER_sam_to_bigwig_0
487,2022-07,42,snpfreqplot/1.0+galaxy3
488,2022-07,41,cd_hit_dup/0.0.1
489,2022-07,41,cshl_fasta_formatter/1.0.1
490,2022-07,41,bamtools/0.0.2
491,2022-07,41,plotdexseq/1.28.1.0
492,2022-07,41,circgraph/0.9-RC2
493,2022-07,41,mothur_tree_shared/1.39.5.0
494,2022-07,40,mothur_dist_seqs/1.39.5.0
495,2022-07,40,gops_subtract_1/1.0.0
496,2022-07,40,cuffcompare/2.2.1.2
497,2022-07,40,picard_MergeBamAlignment/2.18.2.1
498,2022-07,40,_dropletBarcodePlot/1.6.1+galaxy2
499,2022-07,40,precheck/3.0.2
500,2022-07,40,fastqc/0.71
501,2022-07,39,bedtools_unionbedgraph/2.30.0
502,2022-07,39,cshl_fastx_renamer/0.0.14+galaxy1
503,2022-07,39,mimodd_delcall/0.1.9
504,2022-07,39,filter_tabular/3.3.0
505,2022-07,38,tb_profiler_profile/3.0.8+galaxy0
506,2022-07,38,pretext_map/0.1.9+galaxy0
507,2022-07,38,sequence_content_trimmer/0.2.3
508,2022-07,38,vcfbedintersect/1.0.0_rc3+galaxy0
509,2022-07,38,samtools_mpileup/2.0
510,2022-07,38,jbrowse/1.16.11+galaxy0
511,2022-07,38,meryl/1.3+galaxy6
512,2022-07,38,datamash_reverse/1.1.0
513,2022-07,37,ggplot2_pca/3.3.5+galaxy0
514,2022-07,37,cuffmerge/2.2.1.2
515,2022-07,37,__EXPORT_HISTORY_TO_URI__/__EXPORT_HISTORY_TO_URI__
516,2022-07,37,picard_CollectHsMetrics/2.18.2
517,2022-07,37,ococo/0.1.2.6
518,2022-07,37,bandage_image/0.8.1+galaxy3
519,2022-07,37,gd_raxml/1.0.0
520,2022-07,36,fasta2tab/1.1.0
521,2022-07,36,exonerate/2.4.0+galaxy2
522,2022-07,35,samtools_split/1.9
523,2022-07,35,cshl_fastx_clipper/1.0.3
524,2022-07,35,velveth/1.2.10.1
525,2022-07,35,mlst/2.19.0
526,2022-07,35,gops_concat_1/1.0.1
527,2022-07,34,prestor_abseq3/0.5.4
528,2022-07,34,bcftools_plugin_counts/1.10+galaxy1
529,2022-07,34,datamash_transpose/1.1.0
530,2022-07,34,mothur_remove_lineage/1.39.5.0
531,2022-07,34,spades_coronaspades/3.15.4+galaxy0
532,2022-07,33,export_remote/export_remote
533,2022-07,33,mothur_heatmap_sim/1.39.5.0
534,2022-07,33,deeptools_plot_fingerprint/3.3.2.0.0
535,2022-07,33,bowtie2/0.4
536,2022-07,32,kraken_taxonomy_report/0.0.2
537,2022-07,32,spades_rnaviralspades/3.15.4+galaxy0
538,2022-07,32,bg_diamond_view/2.0.15+galaxy0
539,2022-07,32,fastq_groomer/1.0.4
540,2022-07,32,nextclade/1.5.1+galaxy0
541,2022-07,31,picard_MarkDuplicates/2.18.2.1
542,2022-07,31,CONVERTER_interval_to_bed12_0/CONVERTER_interval_to_bed12_0
543,2022-07,31,mmpbsa_mmgbsa/21.10+galaxy0
544,2022-07,31,bowtie_wrapper/1.1.2
545,2022-07,30,presto_collapseseq/0.5.4
546,2022-07,30,snippy/4.5.0
547,2022-07,30,length_and_gc_content/0.1.2
548,2022-07,29,scanpy_run_pca/1.7.2+galaxy0
549,2022-07,29,bedtools_genomecoveragebed/2.29.2
550,2022-07,29,fastqe/0.2.6+galaxy2
551,2022-07,29,bed2gff1/bed2gff1
552,2022-07,28,rseqc_FPKM_count/2.6.4.1
553,2022-07,28,disco/1.2.1
554,2022-07,28,bwa_mem/0.7.12.1
555,2022-07,28,ggplot2_point/3.3.5+galaxy0
556,2022-07,28,CONVERTER_fasta_to_len/CONVERTER_fasta_to_len
557,2022-07,28,deeptools_plot_enrichment/3.5.1.0.0
558,2022-07,28,krona-text/1
559,2022-07,27,picard_CollectBaseDistributionByCycle/2.18.2.1
560,2022-07,27,mothur_make_shared/1.39.5.0
561,2022-07,27,mothur_chimera_vsearch/1.39.5.2
562,2022-07,27,snpsift_vartype/4.3+t.galaxy0
563,2022-07,27,deeptools_plot_pca/3.5.1.0.0
564,2022-07,27,htseq_count/0.6.1galaxy3
565,2022-07,27,Show beginning1/Show beginning1
566,2022-07,27,rseqc_junction_annotation/2.6.4.1
567,2022-07,27,deseq2/2.11.40.6+galaxy2
568,2022-07,27,CONVERTER_tar_to_directory/CONVERTER_tar_to_directory
569,2022-07,26,scanpy_filter_genes/1.7.2+galaxy0
570,2022-07,26,PlasFlow/1.0
571,2022-07,26,fasta_concatenate0/0.0.1
572,2022-07,26,bcftools_merge/1.10
573,2022-07,25,CONVERTER_interval_to_bigwig_0/CONVERTER_interval_to_bigwig_0
574,2022-07,25,progressivemauve/2015_02_13.1
575,2022-07,25,bcftools_annotate/1.10
576,2022-07,25,CONVERTER_wig_to_bigwig/CONVERTER_wig_to_bigwig
577,2022-07,25,crossmap_wig/0.5.2+galaxy0
578,2022-07,25,sickle/1.33.2
579,2022-07,25,deeptools_bam_coverage/3.1.2.0.0
580,2022-07,25,gops_merge_1/1.0.0
581,2022-07,25,mimodd_varextract/0.1.9
582,2022-07,25,scanpy_run_umap/1.7.2+galaxy0
583,2022-07,24,scanpy_find_variable_genes/1.7.2+galaxy0
584,2022-07,24,picard_NormalizeFasta/2.18.2.1
585,2022-07,24,seqcomplexity/0.1.0
586,2022-07,24,compose_text_param/0.1.1
587,2022-07,24,mothur_remove_seqs/1.39.5.0
588,2022-07,24,trinotate/3.2.2+galaxy0
589,2022-07,23,sam2interval/1.0.2
590,2022-07,23,fastqc/0.65
591,2022-07,23,miniasm/0.3_r179+galaxy1
592,2022-07,23,peptide_shaker/1.16.36.3
593,2022-07,23,picard_AddOrReplaceReadGroups/2.18.2.1
594,2022-07,23,bcftools_filter/1.10
595,2022-07,23,CONVERTER_interval_to_bed6_0/CONVERTER_interval_to_bed6_0
596,2022-07,23,macs2_bdgbroadcall/2.1.1.20160309.0
597,2022-07,23,CONVERTER_gff_to_fli_0/CONVERTER_gff_to_fli_0
598,2022-07,22,augustus_training/3.4.0+galaxy1
599,2022-07,22,seqtk_subseq/1.3.1
600,2022-07,22,fastq_filter/1.0.0
601,2022-07,22,tp_head_tool/1.1.0
602,2022-07,22,mothur_classify_otu/1.39.5.0
603,2022-07,22,bcftools_view/1.10
604,2022-07,22,merqury/1.3+galaxy2
605,2022-07,21,fasterq_dump/2.10.9+galaxy0
606,2022-07,21,cuffmerge/2.2.1.1
607,2022-07,21,CONVERTER_ref_to_seq_taxomony/CONVERTER_ref_to_seq_taxomony
608,2022-07,21,EMBOSS: getorf42/5.0.0.1
609,2022-07,21,seqtk_mergefa/1.3.1
610,2022-07,21,fastq_to_fasta_python/1.1.1
611,2022-07,21,fasplit/377
612,2022-07,21,minimap2/2.17+galaxy4
613,2022-07,21,bcftools_concat/1.10
614,2022-07,20,purge_dups/1.2.5+galaxy4
615,2022-07,20,gfa_to_fa/0.1.2
616,2022-07,20,correct_barcodes/3.0.2
617,2022-07,20,anndata_export/0.7.5+galaxy0
618,2022-07,20,gtf_filter_by_attribute_values_list/gtf_filter_by_attribute_values_list
619,2022-07,20,lofreq_filter/2.1.5+galaxy0
620,2022-07,20,macs2_filterdup/2.1.1.20160309.1
621,2022-07,20,raceid_trajectory/3.1
622,2022-07,20,raceid_inspectclusters/3.1
623,2022-07,20,circos_aln_to_links/0.69.8+galaxy7
624,2022-07,20,pipelign/0.2+galaxy0
625,2022-07,19,Paste1/Paste1
626,2022-07,19,scanpy_find_cluster/1.7.2+galaxy0
627,2022-07,19,bamtools_split/2.4.0
628,2022-07,19,dada2_makeSequenceTable/1.20+galaxy0
629,2022-07,19,scanpy_compute_graph/1.7.2+galaxy1
630,2022-07,19,rgweblogo3/3.5.0
631,2022-07,19,scanpy_filter/1.4.4.post1+galaxy3
632,2022-07,19,bg_column_arrange_by_header/0.2
633,2022-07,19,gffcompare_to_bed/0.2.1
634,2022-07,19,bedtools_shufflebed/2.30.0
635,2022-07,19,fastp/0.19.5+galaxy1
636,2022-07,19,scanpy_run_tsne/1.7.2+galaxy0
637,2022-07,19,spades_metaviralspades/3.15.4+galaxy0
638,2022-07,18,multiqc/1.8+galaxy1
639,2022-07,18,CONVERTER_fasta_to_2bit/CONVERTER_fasta_to_2bit
640,2022-07,18,openbabel_compound_convert/3.1.1+galaxy0
641,2022-07,18,intervene_upset/0.6.5
642,2022-07,18,presto_partition/0.5.4
643,2022-07,18,bedtools_slopbed/2.30.0
644,2022-07,18,goseq/1.44.0+galaxy2
645,2022-07,18,histogram_rpy/1.0.4
646,2022-07,18,ggplot2_heatmap/3.3.5+galaxy0
647,2022-07,18,scanpy_normalise_data/1.7.2+galaxy0
648,2022-07,17,gff2bed1/gff2bed1
649,2022-07,17,trinity_super_transcripts/2.9.1
650,2022-07,17,fastqc/0.64
651,2022-07,17,bowtie2/2.2.6
652,2022-07,17,vcfcombine/1.0.0_rc3+galaxy0
653,2022-07,17,bowtie_wrapper/1.2.0
654,2022-07,17,liftOver1/liftOver1
655,2022-07,17,bedtools_makewindowsbed/2.30.0
656,2022-07,17,cshl_fastq_quality_filter/1.0.0
657,2022-07,17,samtools_phase/2.0.1
658,2022-07,17,XY_Plot_1/1.0.2
659,2022-07,17,bcftools_cnv/1.10+galaxy1
660,2022-07,17,salsa/2.3+galaxy3
661,2022-07,16,spades_metaplasmidspades/3.15.4+galaxy0
662,2022-07,16,align_families/3.0.2
663,2022-07,16,split_file_to_collection/0.5.0
664,2022-07,16,gmx_setup/2022+galaxy0
665,2022-07,16,bedtools_multiintersectbed/2.30.0
666,2022-07,16,dada2_seqCounts/1.20+galaxy0
667,2022-07,16,mimodd_convert/0.1.9
668,2022-07,16,addName/0.2.0
669,2022-07,16,make_families/2.15
670,2022-07,16,vcfannotate/1.0.0_rc3+galaxy0
671,2022-07,16,fastqc/0.69
672,2022-07,15,mummer_show_coords/4.0.0beta2+galaxy1
673,2022-07,15,sdf_to_tab/2020.03.4+galaxy0
674,2022-07,15,fastpca/0.9.1
675,2022-07,15,bamSplit/2.4.0
676,2022-07,15,fastq_filter/1.1.1
677,2022-07,15,cshl_fastx_trimmer/1.0.2
678,2022-07,15,bedtools_windowbed/2.30.0
679,2022-07,15,gprofiler_snpense/0.1.7+galaxy11
680,2022-07,15,mothur_chimera_vsearch/1.39.5.1
681,2022-07,15,snpEff_databases/4.3+T.galaxy2
682,2022-07,15,strelka_germline/2.9.10+galaxy0
683,2022-07,15,seq_composition/0.0.5
684,2022-07,14,gmx_em/2022+galaxy0
685,2022-07,14,velvetg/1.2.10.1
686,2022-07,14,mothur_make_group/1.39.5.0
687,2022-07,14,trinity_abundance_estimates_to_matrix/2.9.1
688,2022-07,14,dropletutils_empty_drops/1.0.4+galaxy0
689,2022-07,14,CONVERTER_interval_to_tabix_0/CONVERTER_interval_to_tabix_0
690,2022-07,14,fsd/1.0.2
691,2022-07,14,tp_split_on_column/0.4
692,2022-07,14,trimmomatic/0.36.5
693,2022-07,14,mummerplot_wrapper/0.0.7
694,2022-07,14,deeptools_compute_gc_bias/3.5.1.0.0
695,2022-07,13,mothur_sub_sample/1.39.5.0
696,2022-07,13,tp_unfold_column_tool/1.1.1
697,2022-07,13,mummer_nucmer/4.0.0beta2+galaxy1
698,2022-07,13,dada2_removeBimeraDenovo/1.20+galaxy0
699,2022-07,13,quast/5.0.2+galaxy3
700,2022-07,13,bedtools_closestbed/2.30.0
701,2022-07,13,idba_ud/1.1.3+galaxy1
702,2022-07,13,circos_tableviewer/0.69.8+galaxy7
703,2022-07,13,bcftools_convert_to_vcf/1.10
704,2022-07,13,bam_to_scidx/1.0.1
705,2022-07,13,tp_uniq_tool/1.1.1
706,2022-07,13,anndata_import/0.6.22.post1+galaxy4
707,2022-07,12,addName/0.1.2
708,2022-07,12,yahs/1.1a.2+galaxy0
709,2022-07,12,bcftools_convert_from_vcf/1.10
710,2022-07,12,cshl_fastq_quality_boxplot/1.0.1
711,2022-07,12,mothur_remove_groups/1.39.5.0
712,2022-07,12,mothur_trim_seqs/1.39.5.0
713,2022-07,12,trinity_gene_to_trans_map/2.9.1
714,2022-07,12,pangolin/3.1.14+galaxy0
715,2022-07,12,tabular_to_fastq/1.1.5
716,2022-07,12,circos_wiggle_to_scatter/0.69.8+galaxy7
717,2022-07,12,collection_element_identifiers/0.0.2
718,2022-07,12,filtlong/0.2.0+galaxy1
719,2022-07,12,meme_fimo/5.0.5.0
720,2022-07,12,cuffquant/2.2.1.1
721,2022-07,12,get_flanks1/1.0.0
722,2022-07,12,bedtools_annotatebed/2.30.0
723,2022-07,11,bioext_bam2msa/0.20.1+galaxy0
724,2022-07,11,featurecounts/1.6.0.2
725,2022-07,11,param_value_from_file/param_value_from_file
726,2022-07,11,diffbind/2.6.6.4
727,2022-07,11,racon/1.4.20+galaxy0
728,2022-07,11,ChangeCase/ChangeCase
729,2022-07,11,CONVERTER_bed_to_fli_0/CONVERTER_bed_to_fli_0
730,2022-07,11,CONVERTER_mdconvert/CONVERTER_mdconvert
731,2022-07,11,mothur_count_groups/1.39.5.0
732,2022-07,11,khmer_abundance_distribution_single/3.0.0a3+galaxy2
733,2022-07,11,dada2_plotComplexity/1.20+galaxy0
734,2022-07,11,__IMPORT_HISTORY__/__IMPORT_HISTORY__
735,2022-07,11,cuffnorm/2.2.1.3
736,2022-07,11,dropletutils/1.10.0+galaxy1
737,2022-07,11,poretools_extract/0.6.1a1.0
738,2022-07,11,bandage_info/0.8.1+galaxy2
739,2022-07,11,bcftools_query/1.10
740,2022-07,11,mothur_rarefaction_single/1.39.5.0
741,2022-07,11,bedtools_bed12tobed6/2.30.0
742,2022-07,10,gff_filter_by_attribute/gff_filter_by_attribute
743,2022-07,10,scanpy_normalize/1.4.4.post1+galaxy3
744,2022-07,10,bcftools_stats/1.10+galaxy1
745,2022-07,10,bio3d_rmsd/2.3.4
746,2022-07,10,gmx_editconf/2022+galaxy0
747,2022-07,10,samtools_fastx/1.9+galaxy1
748,2022-07,10,hyphy_strike_ambigs/2.5.31
749,2022-07,10,umi_tools_count/1.1.2+galaxy2
750,2022-07,10,anndata_inspect/0.6.22.post1+galaxy4
751,2022-07,10,mothur_make_biom/1.39.5.0
752,2022-07,10,tab2fasta/1.1.0
753,2022-07,10,spades_biosyntheticspades/3.15.4+galaxy0
754,2022-07,10,_salmon_kallisto_mtx_to_10x/0.0.1+galaxy5
755,2022-07,10,jcvi_gff_stats/0.8.4
756,2022-07,10,mothur_dist_shared/1.39.5.0
757,2022-07,10,vcffixup/1.0.0_rc3+galaxy0
758,2022-07,10,react_cal_pipeline/1.0
759,2022-07,10,picard_MarkDuplicatesWithMateCigar/2.18.2.2
760,2022-07,10,bedtools_flankbed/2.30.0
761,2022-07,9,pileometh/0.5.2+galaxy0
762,2022-07,9,deseq2/2.11.40.2
763,2022-07,9,flye/2.8.3+galaxy0
764,2022-07,9,raceid_filtnormconf/0.2.3+galaxy0
765,2022-07,9,snpSift_geneSets/4.3.0
766,2022-07,9,merqury/1.3+galaxy1
767,2022-07,9,taxonomy_krona_chart/2.7.1+galaxy0
768,2022-07,9,EMBOSS: extractseq35/5.0.0
769,2022-07,9,trimmomatic/0.32.3
770,2022-07,9,samtools_idxstats/2.0.1
771,2022-07,9,rseqc_insertion_profile/2.6.4
772,2022-07,9,sklearn_numeric_clustering/1.0.8.3
773,2022-07,9,abricate_summary/1.0.1
774,2022-07,9,picard_EstimateLibraryComplexity/2.18.2.1
775,2022-07,9,MAF_To_Fasta1/MAF_To_Fasta1
776,2022-07,9,pycoqc/2.5.2+galaxy0
777,2022-07,9,Add_a_column1/1.2.0
778,2022-07,9,vcfhethom/1.0.0_rc3+galaxy0
779,2022-07,9,strelka_somatic/2.9.10+galaxy0
780,2022-07,9,collapse_dataset/4.1
781,2022-07,9,tb_variant_filter/0.3.5+galaxy2
782,2022-07,9,CONVERTER_len_to_linecount/CONVERTER_len_to_linecount
783,2022-07,8,mothur_shhh_seqs/1.39.5.0
784,2022-07,8,modENCODEfly/modENCODEfly
785,2022-07,8,Extract_features1/Extract_features1
786,2022-07,8,gd_calc_freq/1.2.0
787,2022-07,8,fastq_quality_trimmer/1.0.0
788,2022-07,8,cuffmerge/0.0.6
789,2022-07,8,charts/1.0.1
790,2022-07,8,flanking_features_1/4.0.1
791,2022-07,8,CONVERTER_vcf_bgzip_to_tabix_0/CONVERTER_vcf_bgzip_to_tabix_0
792,2022-07,8,anndata_ops/1.7.2+galaxy0
793,2022-07,8,mothur_summary_single/1.39.5.2
794,2022-07,8,volcanoplot/0.0.3
795,2022-07,8,mothur_venn/1.39.5.0
796,2022-07,8,tp_text_file_with_recurring_lines/1.1.0
797,2022-07,8,edger/3.24.1+galaxy1
798,2022-07,8,taxonomy_krona_chart/2.6.1.1
799,2022-07,8,presto_parseheaders/0.6.2+galaxy0
800,2022-07,8,bedtools_maskfastabed/2.30.0
801,2022-07,8,hyphy_gard/2.5.36+galaxy1
802,2022-07,8,tradis_gene_insert_sites/1.4.5+galaxy2
803,2022-07,8,crossmap_bam/0.5.2+galaxy0
804,2022-07,7,gmx_solvate/2022+galaxy0
805,2022-07,7,samtools_rmdup/2.0
806,2022-07,7,trinity_contig_exn50_statistic/2.9.1
807,2022-07,7,kc-align/1.0.2
808,2022-07,7,gops_basecoverage_1/1.0.0
809,2022-07,7,Show tail1/Show tail1
810,2022-07,7,medaka_consensus_pipeline/1.4.4+galaxy0
811,2022-07,7,prepare_receptor/1.5.7+galaxy0
812,2022-07,7,search_gui/3.3.10.1
813,2022-07,7,venn_list/0.1.1
814,2022-07,7,multiqc/1.9+galaxy1
815,2022-07,7,anndata_export/0.6.22.post1+galaxy4
816,2022-07,7,hgv_linkToGProfile/hgv_linkToGProfile
817,2022-07,7,mummer_mummerplot/4.0.0rc1+galaxy2
818,2022-07,7,scanpy_read_10x/1.8.1+2+galaxy0
819,2022-07,7,mothur_get_groups/1.39.5.0
820,2022-07,7,mothur_lefse/1.39.5.0
821,2022-07,7,iuc_pear/0.9.6.1
822,2022-07,7,vcfgenotypes/1.0.0_rc3+galaxy0
823,2022-07,7,kraken-filter/1.3.1
824,2022-07,7,minimap2/2.17
825,2022-07,6,limma_voom/3.48.0+galaxy1
826,2022-07,6,lofreq_call/2.1.5+galaxy0
827,2022-07,6,unicycler/0.4.7.0
828,2022-07,6,cummeRbund/2.16.0+galaxy1
829,2022-07,6,cshl_fastx_nucleotides_distribution/1.0.1
830,2022-07,6,transit_tn5gaps/3.0.2+galaxy1
831,2022-07,6,vcfprimers/1.0.0_rc3+galaxy0
832,2022-07,6,featurecounts/1.6.4+galaxy1
833,2022-07,6,dunovo/3.0.2
834,2022-07,6,valet/1.0.0
835,2022-07,6,sklearn_train_test_eval/1.0.8.3
836,2022-07,6,poretools_qualdist/0.6.1a1.0
837,2022-07,6,fasta_cli/4.0.41+galaxy1
838,2022-07,6,mimodd_covstats/0.1.9
839,2022-07,6,mimodd_varreport/0.1.9
840,2022-07,6,fasta_nucleotide_color_plot/1.0.1
841,2022-07,6,kraken-mpa-report/1.2.4
842,2022-07,6,rapidnj/2.3.2
843,2022-07,6,raceid_inspecttrajectory/3.1
844,2022-07,6,presto_maskprimers/0.6.2+galaxy0
845,2022-07,6,deeptools_plot_pca/3.3.2.0.0
846,2022-07,6,scatterplot_rpy/1.0.3
847,2022-07,5,vcfbreakcreatemulti/1.0.0_rc3+galaxy0
848,2022-07,5,gubbins/0.1.0
849,2022-07,5,vcfallelicprimitives/1.0.0_rc3+galaxy0
850,2022-07,5,wormbase/wormbase
851,2022-07,5,shovill/1.1.0+galaxy0
852,2022-07,5,macs2_refinepeak/2.1.1.20160309.1
853,2022-07,5,bamFilter/0.0.1
854,2022-07,5,samtool_filter2/1.8
855,2022-07,5,tn93_cluster/1.0.6
856,2022-07,5,Interval_Maf_Merged_Fasta2/Interval_Maf_Merged_Fasta2
857,2022-07,5,limma_voom/3.38.3+galaxy3
858,2022-07,5,snap_training/2013_11_29+galaxy1
859,2022-07,5,raceid_inspectclusters/0.2.3+galaxy0
860,2022-07,5,sniffles/1.0.12+galaxy0
861,2022-07,5,sklearn_ensemble/1.0.8.3
862,2022-07,5,poretools_hist/0.6.1a1.1
863,2022-07,5,ggplot2_violin/3.3.5+galaxy0
864,2022-07,5,deeptools_bam_compare/3.3.2.0.0
865,2022-07,5,subtract_query1/0.1
866,2022-07,5,fastq_dump/2.10.4
867,2022-07,5,deeptools_bam_pe_fragmentsize/3.5.1.0.0
868,2022-07,5,mothur_merge_groups/1.39.5.0
869,2022-07,5,multiqc/1.6
870,2022-07,5,deseq2/2.11.40.6
871,2022-07,5,flash/1.2.11.1
872,2022-07,5,ambertools_acpype/21.10+galaxy0
873,2022-07,5,uniprot/0.3
874,2022-07,5,unicycler/0.4.6.0
875,2022-07,5,gfastats/1.2.0+galaxy0
876,2022-07,5,gene2exon1/gene2exon1
877,2022-07,4,build_ucsc_custom_track_1/1.0.1
878,2022-07,4,mothur_seq_error/1.39.5.0
879,2022-07,4,multiqc/1.9
880,2022-07,4,keras_model_config/0.5.0
881,2022-07,4,get_pdb/0.1.0
882,2022-07,4,ggplot2_histogram/3.3.5+galaxy0
883,2022-07,4,keras_train_and_eval/1.0.8.3
884,2022-07,4,Heatmap/2.2.2
885,2022-07,4,goslimmer/1.0.1
886,2022-07,4,rseqc_junction_saturation/2.6.4.1
887,2022-07,4,rseqc_read_GC/2.6.4
888,2022-07,4,seqtk_trimfq/1.3.1
889,2022-07,4,msstats/3.22.0.0
890,2022-07,4,scanpy_remove_confounders/1.4.4.post1+galaxy3
891,2022-07,4,scanpy_scale_data/1.7.2+galaxy0
892,2022-07,4,mimodd_map/0.1.9
893,2022-07,4,mimodd_rebase/0.1.9
894,2022-07,4,biomd_rmsd_clustering/0.1.5.2+galaxy1
895,2022-07,4,hyphy_conv/2.5.36+galaxy1
896,2022-07,4,gmx_merge_topology_files/3.4.3+galaxy0
897,2022-07,4,gops_cluster_1/1.0.0
898,2022-07,4,khmer_normalize_by_median/3.0.0a3+galaxy2
899,2022-07,4,bedtools_bedtoigv/2.30.0
900,2022-07,4,count_gff_features/0.2
901,2022-07,4,pca1/1.0.2
902,2022-07,4,tag_pileup_frequency/1.0.2
903,2022-07,4,circos_interval_to_tile/0.69.8+galaxy7
904,2022-07,4,EMBOSS: diffseq22/5.0.0.1
905,2022-07,4,miniasm/0.2+galaxy0
906,2022-07,4,mothur_amova/1.39.5.0
907,2022-07,4,bedtools_spacingbed/2.30.0
908,2022-07,4,poretools_stats/0.6.1a1.0
909,2022-07,4,freebayes/1.1.0.46-0
910,2022-07,4,crossmap_bed/0.5.2+galaxy0
911,2022-07,3,circos_gc_skew/0.69.8+galaxy7
912,2022-07,3,umi_tools_count/0.5.5.1
913,2022-07,3,mothur_nmds/1.39.5.0
914,2022-07,3,EMBOSS: dottup26/5.0.0.1
915,2022-07,3,idr/2.0.3
916,2022-07,3,busco/4.1.4
917,2022-07,3,ebi_search_rest_results/0.1.1
918,2022-07,3,ident_params/4.0.41+galaxy1
919,2022-07,3,circos_wiggle_to_stacked/0.69.8+galaxy7
920,2022-07,3,CONVERTER_maf_to_interval_0/CONVERTER_maf_to_interval_0
921,2022-07,3,cshl_fastx_barcode_splitter/1.0.0
922,2022-07,3,ebi_metagenomics_run_downloader/0.1.0
923,2022-07,3,bio_hansel/2.6.1+galaxy0
924,2022-07,3,retrieve_scxa/v0.0.2+galaxy2
925,2022-07,3,mothur_merge_count/1.39.5.0
926,2022-07,3,poretools_winner/0.6.1a1.0
927,2022-07,3,biom_convert/2.1.10+galaxy0
928,2022-07,3,mothur_cluster/1.39.5.0
929,2022-07,3,rbc_mirdeep2/2.0.1.2+galaxy0
930,2022-07,3,tp_cat/0.1.0
931,2022-07,3,rbc_mafft_add/7.489+galaxy0
932,2022-07,3,seqtk_seq/1.3.3
933,2022-07,3,mothur_pcoa/1.39.5.0
934,2022-07,3,sklearn_train_test_split/1.0.8.3
935,2022-07,3,vcf_to_maf_customtrack1/vcf_to_maf_customtrack1
936,2022-07,3,hgv_david/hgv_david
937,2022-07,3,sina/1.7.2+galaxy0
938,2022-07,3,rseqc_read_NVC/2.6.4
939,2022-07,3,Interval2Maf1/Interval2Maf1
940,2022-07,3,snpEff_get_chr_names/4.3+T.galaxy2
941,2022-07,3,send_to_cloud/send_to_cloud
942,2022-07,3,gd_pca/1.0.0
943,2022-07,3,vcfgeno2haplo/1.0.0_rc3+galaxy0
944,2022-07,3,stringtie_merge/2.1.1
945,2022-07,3,heatmap_1/1.0.0
946,2022-07,3,get_pdb/0.1.0
947,2022-07,3,nanoplot/1.25.0+galaxy1
948,2022-07,3,fastq_masker_by_quality/1.1.5
949,2022-07,3,crossmap_gff/0.5.2+galaxy0
950,2022-07,3,genomescope/2.0+galaxy1
951,2022-07,3,ncbi_blastdbcmd_wrapper/2.10.1+galaxy0
952,2022-07,3,medaka_variant/1.3.2+galaxy1
953,2022-07,3,samtools_flagstat/2.0.1
954,2022-07,3,cuffdiff/2.2.1.5
955,2022-07,3,blastxml_to_tabular/2.10.1+galaxy0
956,2022-07,3,mothur_remove_seqs/1.36.1.0
957,2022-07,3,bcftools_consensus/1.10
958,2022-07,2,tb_profiler_profile/2.8.14+galaxy1
959,2022-07,2,tbvcfreport/0.1.8+galaxy0
960,2022-07,2,trinity_run_de_analysis/2.9.1
961,2022-07,2,deeptools_multi_bigwig_summary/3.3.2.0.0
962,2022-07,2,varscan_copynumber/2.4.3.2
963,2022-07,2,vegan_rarefaction/2.4-3
964,2022-07,2,vsearch_clustering/2.8.3.0
965,2022-07,2,vsearch_dereplication/2.8.3.0
966,2022-07,2,tradis_essentiality/1.4.5+galaxy2
967,2022-07,2,vcfsort/1.0.0_rc3+galaxy0
968,2022-07,2,ctb_online_data_fetch/0.2
969,2022-07,2,vcfselectsamples/1.0.0_rc3+galaxy0
970,2022-07,2,chembl/0.10.1+galaxy4
971,2022-07,2,gprofiler_convert/0.1.7+galaxy11
972,2022-07,2,MAF_Thread_For_Species1/MAF_Thread_For_Species1
973,2022-07,2,MAF_Limit_To_Species1/MAF_Limit_To_Species1
974,2022-07,2,collapse_dataset/4.2
975,2022-07,2,createInterval/createInterval
976,2022-07,2,CONVERTER_cram_to_bam_0/CONVERTER_cram_to_bam_0
977,2022-07,2,CONVERTER_biom/CONVERTER_biom
978,2022-07,2,CONVERTER_fasta_to_bowtie_base_index/CONVERTER_fasta_to_bowtie_base_index
979,2022-07,2,bedtools_mergebed/2.26.0.0
980,2022-07,2,hyphy_summary/1.1.0
981,2022-07,2,tophat2/0.9
982,2022-07,2,jq/1.0
983,2022-07,2,circos_bundlelinks/0.69.8+galaxy7
984,2022-07,2,picard_RevertSam/2.18.2.1
985,2022-07,2,maker_map_ids/2.31.11
986,2022-07,2,masigpro/1.49.3.1+galaxy1
987,2022-07,2,medaka_consensus/1.0.3+galaxy2
988,2022-07,2,picard_BedToIntervalList/2.18.2.1
989,2022-07,2,mothur_get_coremicrobiome/1.39.5.0
990,2022-07,2,mothur_get_oturep/1.39.5.0
991,2022-07,2,cshl_fastx_renamer/0.0.11
992,2022-07,2,cshl_fastx_collapser/1.0.0
993,2022-07,2,bcftools_isec/1.10
994,2022-07,2,mothur_phylotype/1.39.5.0
995,2022-07,2,bandage_image/0.8.1+galaxy0
996,2022-07,2,mothur_summary_tax/1.39.5.0
997,2022-07,2,annotatemyids/3.5.0.1
998,2022-07,2,mummer_delta_filter/4.0.0rc1+galaxy2
999,2022-07,2,EMBOSS: skipseq91/5.0.0.1
1000,2022-07,2,mummer_show_coords/4.0.0rc1+galaxy2
1001,2022-07,2,EMBOSS: revseq82/5.0.0
1002,2022-07,2,abricate_list/1.0.1
1003,2022-07,2,EMBOSS: needle56/5.0.0.1
1004,2022-07,2,hhsearch/3.2.0+galaxy0
1005,2022-07,2,EMBOSS: geecee41/5.0.0
1006,2022-07,2,poretools_qualpos/0.6.1a1.1
1007,2022-07,2,EMBOSS: fuzznuc37/5.0.3
1008,2022-07,2,EMBOSS: dotmatcher24/5.0.0.1
1009,2022-07,2,xmfa2gff3/2015_02_13.1
1010,2022-07,2,query_tabular/3.3.0
1011,2022-07,2,raceid_inspecttrajectory/0.2.3+galaxy0
1012,2022-07,2,repmatch_gff3/1.0.3
1013,2022-07,2,bcftools_view/0.0.1
1014,2022-07,2,gmx_energy/2022+galaxy1
1015,2022-07,2,bio3d_rmsf/2.3.4
1016,2022-07,2,seqtk_comp/1.3.1
1017,2022-07,2,custom_pro_db/1.22.0
1018,2022-07,2,sklearn_clf_metrics/1.0.8.3
1019,2022-07,2,snippy_clean_full_aln/4.6.0+galaxy0
1020,2022-07,2,Univariate/2.2.4
1021,2022-07,2,rxdock_rbdock/2013.1.1_148c5bd1+galaxy0
1022,2022-07,2,wiggle2simple1/wiggle2simple1
1023,2022-07,2,snpEff_download/4.3+T.galaxy1
1024,2022-07,2,featurecounts/1.6.2
1025,2022-07,2,snpSift_dbnsfp/4.3.0
1026,2022-07,2,socru/2.1.7
1027,2022-07,2,Transformation/2.2.0
1028,2022-07,2,keras_model_builder/0.5.0
1029,2022-07,1,generate_matrix_for_pca_and_lda1/1.0.0
1030,2022-07,1,bcftools_plugin_frameshifts/1.10
1031,2022-07,1,poretools_tabular/0.6.1a1.0
1032,2022-07,1,plant_tribes_gene_family_classifier/1.0.3.0
1033,2022-07,1,getIndels_2way/1.0.0
1034,2022-07,1,mothur_biom_info/1.39.5.0
1035,2022-07,1,presto_alignsets/0.6.2+galaxy0
1036,2022-07,1,tb_variant_filter/0.1.3+galaxy0
1037,2022-07,1,mlst_list/2.19.0
1038,2022-07,1,EMBOSS: etandem33/5.0.0.1
1039,2022-07,1,indels_3way/1.0.3
1040,2022-07,1,lastz_d_wrapper/1.3.2
1041,2022-07,1,presto_collapseseq/0.6.2+galaxy0
1042,2022-07,1,EMBOSS: dottup26/5.0.0
1043,2022-07,1,EMBOSS: dotpath25/5.0.0.1
1044,2022-07,1,minimap2/2.17+galaxy2
1045,2022-07,1,gd_extract_flanking_dna/1.0.0
1046,2022-07,1,circos_wiggle_to_scatter/0.69.8+galaxy6
1047,2022-07,1,ncbi_blastdbcmd_info/2.10.1+galaxy0
1048,2022-07,1,EMBOSS: cusp17/5.0.0
1049,2022-07,1,meme_meme/4.11.1.0
1050,2022-07,1,EMBOSS: chips10/5.0.0
1051,2022-07,1,EMBOSS: backtranseq2/6.6.0
1052,2022-07,1,pretext_snapshot/0.0.3+galaxy1
1053,2022-07,1,EMBOSS: antigenic1/5.0.0.1
1054,2022-07,1,cummerbund_to_cuffdiff/1.0.1
1055,2022-07,1,ggplot2_pca/2.2.1
1056,2022-07,1,bedtools_sortbed/2.27.1
1057,2022-07,1,medaka_variant_pipeline/1.4.4+galaxy0
1058,2022-07,1,bedtools_getfastabed/2.26.0.0
1059,2022-07,1,circos_interval_to_text/0.69.8+galaxy7
1060,2022-07,1,plot_for_lda_output1/1.0.1
1061,2022-07,1,samtools_mpileup/2.1.3
1062,2022-07,1,qualimap_counts/2.2.2d
1063,2022-07,1,edger/3.34.0
1064,2022-07,1,lofreq_alnqual/2.1.5+galaxy0
1065,2022-07,1,samtools_split/1.1
1066,2022-07,1,substitutions1/1.0.1
1067,2022-07,1,quast/5.0.2+galaxy4
1068,2022-07,1,check_snpeff_candidates/1.0.0
1069,2022-07,1,ctb_chemfp_nxn_clustering/1.6.1+0
1070,2022-07,1,raceid_clustering/0.2.3+galaxy0
1071,2022-07,1,circos_binlinks/0.69.8+galaxy7
1072,2022-07,1,khmer_abundance_distribution/3.0.0a3+galaxy2
1073,2022-07,1,bcftools_plugin_setgt/1.10
1074,2022-07,1,jbrowse_to_standalone/1.16.11+galaxy1
1075,2022-07,1,t_test_two_samples/1.0.1
1076,2022-07,1,ml_visualization_ex/1.0.8.3
1077,2022-07,1,vcf2pgSnp/1.0.0
1078,2022-07,1,raceid_trajectory/0.2.3+galaxy0
1079,2022-07,1,vcf2tsv/0.0.3
1080,2022-07,1,bcftools_query_list_samples/1.10
1081,2022-07,1,sqlite_to_tabular/3.2.0
1082,2022-07,1,fasterq_dump/2.10.7+galaxy1
1083,2022-07,1,translate_bed/0.1.0
1084,2022-07,1,bamtools/2.4.0
1085,2022-07,1,ivar_filtervariants/1.3.1+galaxy0
1086,2022-07,1,bedtools_overlapbed/2.30.0
1087,2022-07,1,prokka/1.14.5+galaxy0
1088,2022-07,1,prokka/1.14.5
1089,2022-07,1,bedtools_groupbybed/2.27.1
1090,2022-07,1,roary/3.13.0+galaxy1
1091,2022-07,1,parmconv/21.10+galaxy0
1092,2022-07,1,bcftools_reheader/1.10
1093,2022-07,1,bcftools_roh/1.10
1094,2022-07,1,hyphy_meme/2.5.36+galaxy2
1095,2022-07,1,gmx_md/2019.1
1096,2022-07,1,create_tool_recommendation_model/0.0.4
1097,2022-07,1,hyphy_fel/2.5.36+galaxy1
1098,2022-07,1,hyphy_busted/2.5.36+galaxy2
1099,2022-07,1,hyphy_bgm/2.5.36+galaxy2
1100,2022-07,1,hyphy_absrel/2.5.36+galaxy2
1101,2022-07,1,fargene/0.1+galaxy1
1102,2022-07,1,abims_anova/1.2.1
1103,2022-07,1,vcfcommonsamples/1.0.0_rc3+galaxy0
1104,2022-07,1,samtools_view/1.9+galaxy1
1105,2022-07,1,bio3d_pca_visualize/2.3.4
1106,2022-07,1,bio3d_pca/2.3.4
1107,2022-07,1,sarscov2formatter/1.0+galaxy0
1108,2022-07,1,vcfdistance/1.0.0_rc3+galaxy0
1109,2022-07,1,bedtools_multiintersectbed/2.29.2
1110,2022-07,1,phylorelatives/0.0.1
1111,2022-07,1,hetbox/1.0
1112,2022-07,1,getalleleseq/0.0.1
1113,2022-07,1,bedtools_bedpetobam/2.30.0
1114,2022-07,1,bedtools_intersectbed/2.27.1
1115,2022-07,1,bedtools_intersectbed/2.27.1+galaxy1
1116,2022-07,1,bedtools_mergebed/2.27.1
1117,2022-07,1,blastxml_to_gapped_gff3/1.1
1118,2022-07,1,heinz_visualization/0.1.1
1119,2022-07,1,predict_pipeline/1.0
1120,2022-07,1,CONVERTER_molecules/CONVERTER_molecules
1121,2022-07,1,scikit_bio_diversity_beta_diversity/0.4.2.0
1122,2022-07,1,CONVERTER_Gro_to_Pdb_0/CONVERTER_Gro_to_Pdb_0
1123,2022-07,1,tp_sort_rows/1.1.0+galaxy0
1124,2022-07,1,gff_to_prot/3.0.2+galaxy0
1125,2022-07,1,CONVERTER_bcf_uncompressed_to_bcf/CONVERTER_bcf_uncompressed_to_bcf
1126,2022-07,1,ctb_online_data_fetch/0.4
1127,2022-07,1,tp_easyjoin_tool/1.1.1
1128,2022-07,1,bed_to_protein_map/0.2.0
1129,2022-07,1,tp_cut_tool/1.0.0
1130,2022-07,1,CONVERTER_fasta_to_bowtie_color_index/CONVERTER_fasta_to_bowtie_color_index
1131,2022-07,1,CONVERTER_maf_to_fasta_0/CONVERTER_maf_to_fasta_0
1132,2022-07,1,CONVERTER_Pdb_to_Gro_0/CONVERTER_Pdb_to_Gro_0
1133,2022-07,1,graphlan/1.1.3
1134,2022-07,1,graphlan_annotate/1.1.3
1135,2022-07,1,hgv_pass/hgv_pass
1136,2022-07,1,gprofiler_random/0.1.7+galaxy11
1137,2022-07,1,sklearn_to_categorical/1.0.8.3
1138,2022-07,1,rseqc_read_quality/2.6.4
1139,2022-07,1,sklearn_pca/1.0.8.3+galaxy0
1140,2022-07,1,MAF_filter/MAF_filter
1141,2022-07,1,rseqc_inner_distance/2.6.4.1
1142,2022-07,1,maf_limit_size1/maf_limit_size1
1143,2022-07,1,rseqc_geneBody_coverage2/2.6.4.1
1144,2022-07,1,keras_batch_models/0.5.0
1145,2022-07,1,hicexplorer_hicplottads/2.1.4.0
1146,2022-07,1,sklearn_build_pipeline/1.0.8.3
1147,2022-07,1,bedtools_bamtobed/2.26.0.0
1148,2022-07,1,umi_tools_extract/0.5.5.1
1149,2022-07,1,gprofiler_orth/0.1.7+galaxy11
1150,2022-07,1,snpEff_databases/4.3+T.galaxy1
1151,2022-07,1,tximport/0.1
1152,2022-07,1,tsne/0.0.2
1153,2022-07,1,transit_resampling/3.0.2+galaxy1
1154,2022-07,1,rseqc_bam2wig/2.6.4
1155,2022-07,1,rdock_rbcavity/2013.1-0+galaxy0
1156,2022-07,1,transit_gumbel/3.0.2+galaxy1
1157,2022-07,1,modENCODEworm/modENCODEworm
1158,2022-07,1,anndata_import/0.6.22.post1+galaxy3
1159,2022-07,1,rdconf/2020.03.4+galaxy0
1160,2022-07,1,correct_barcodes/2.15
1161,2022-07,1,multiqc/1.8+galaxy0
1162,2022-07,1,EMBOSS: sixpack90/5.0.0+galaxy2
1163,2022-07,1,EMBOSS: seqret84/5.0.0
1164,2022-07,1,racon/1.3.1.1
1165,2022-07,1,multiqc/1.7.1
1166,2022-07,1,EMBOSS: union105/5.0.0
1167,2022-07,1,cshl_fasta_nucleotides_changer/1.0.2
1168,2022-07,1,fastqc/0.67
1169,2022-07,1,EMBOSS: plotcon75/5.0.0.1
1170,2022-07,1,prepare_ligands_for_docking/3.1.1+galaxy0
1171,2022-07,1,fastq_groomer/1.1.1
1172,2022-07,1,EMBOSS: patmatdb67/5.0.0
1173,2022-07,1,snpSift_vcfCheck/4.3+t.galaxy0
1174,2022-07,1,karyotype_Plot_1/1.0.0
1175,2022-07,1,bedtools_nucbed/2.30.0
1176,2022-07,1,mothur_pca/1.39.5.0
1177,2022-07,1,scanpy_parameter_iterator/0.0.1+galaxy3
1178,2022-07,1,bicodon_counts_from_fasta/0.1.2
1179,2022-07,1,EMBOSS: infoseq46/5.0.0
1180,2022-07,1,prepare_box/2021.03.5+galaxy0
1181,2022-07,1,poretools_events/0.6.1a1.1
1182,2022-07,1,cshl_fastx_artifacts_filter/1.0.1+galaxy0
1183,2022-07,1,mothur_heatmap_bin/1.39.5.0
1184,2022-07,1,bcftools_plugin_counts/1.4.0
1185,2022-07,1,bedtools_randombed/2.30.0
1186,2022-07,1,mothur_deunique_seqs/1.39.5.0
1187,2022-07,1,prepare_ligand/1.5.7+galaxy0
1188,2022-07,0,vmd_hbonds/1.9.3
1189,2022-07,0,bedtools_reldistbed/2.30.0
1190,2022-07,0,bedtools_getfastabed/2.29.0
1191,2022-07,0,bedtools_complementbed/2.30.0
1192,2022-07,0,bedtools_clusterbed/2.30.0
1193,2022-07,0,cat_contigs/5.0.3.1
1194,2022-07,0,circos_interval_to_tile/0.69.8+galaxy6
1195,2022-07,0,circos_resample/0.69.8+galaxy7
1196,2022-07,0,bcftools_plugin_mendelian/1.10
1197,2022-07,0,column_order_header_sort/0.0.1
1198,2022-07,0,bcftools_plugin_fill_tags/1.10
1199,2022-07,0,bandage_info/0.8.1+galaxy1
1200,2022-07,0,annotatemyids/3.7.0+galaxy2
1201,2022-07,0,anndata_inspect/0.6.22.post1+galaxy3
1202,2022-07,0,ffindex_dbkit_merge/0.2+galaxy0
1203,2022-07,0,ks_distribution/1.0.3.0
1204,2022-07,0,edger/3.34.0+galaxy1
1205,2022-07,0,fasta-stats/1.0.1
1206,2022-07,0,Multivariate/2.3.10
1207,2022-07,0,find_nested_alt_orfs/0.1.2
1208,2022-07,0,smina/1.0
1209,2022-07,0,winSplitter/1.0.1
1210,2022-07,0,vcftools_annotate/0.1
1211,2022-07,0,vcfflatten2/1.0.0_rc3+galaxy0
1212,2022-07,0,vcffilter2/1.0.0_rc1+galaxy2
1213,2022-07,0,hisat2/2.1.0+galaxy7
1214,2022-07,0,hyphy_fubar/2.5.36+galaxy1
1215,2022-07,0,idba_hybrid/1.1.3
1216,2022-07,0,Interval2Maf1/1.0.1+galaxy0
1217,2022-07,0,vcfcheck/1.0.0_rc3+galaxy0
1218,2022-07,0,vcfannotategenotypes/1.0.0_rc3+galaxy0
1219,2022-07,0,ivar_getmasked/1.2.2+galaxy0
1220,2022-07,0,vcf2tsv/1.0.0_rc1+galaxy0
1221,2022-07,0,jbrowse/1.16.5+galaxy7
1222,2022-07,0,table_annovar/0.2
1223,2022-07,0,khmer_extract_partitions/3.0.0a3+galaxy2
1224,2022-07,0,kobas_annotate/2.1.1
1225,2022-07,0,trim_reads/1.0.0
1226,2022-07,0,pileup_interval/1.0.3
1227,2022-07,0,picard_ReplaceSamHeader/2.18.2.1
1228,2022-07,0,picard_artifact_metrics/2.18.2.1
1229,2022-07,0,ncbi_makeprofiledb/2.10.1+galaxy0
1230,2022-07,0,meme_psp_gen/5.0.5.0
1231,2022-07,0,megablast_xml_parser/1.0.1
1232,2022-07,0,lda_analy1/1.0.1
1233,2022-07,0,modify_loom/0.7.5+galaxy0
1234,2022-07,0,gmaj_1/2.0.1
1235,2022-07,0,gffread/2.2.1.2
1236,2022-07,0,gffread/0.11.6.0
1237,2022-07,0,mothur_clearcut/1.39.5.0
1238,2022-07,0,freebayes/0.4.1
1239,2022-07,0,mothur_get_otulist/1.39.5.0
1240,2022-07,0,mothur_get_seqs/1.39.5.0
1241,2022-07,0,mothur_list_seqs/1.39.5.0
1242,2022-07,0,mothur_make_design/1.39.5.0
1243,2022-07,0,mothur_make_fastq/1.39.5.0
1244,2022-07,0,mothur_make_lefse/1.39.5.0
1245,2022-07,0,mothur_metastats/1.39.5.0
1246,2022-07,0,mothur_rarefaction_shared/1.39.5.0
1247,2022-07,0,fastq_paired_end_interlacer/1.2.0
1248,2022-07,0,fastq_masker_by_quality/1.1.1
1249,2022-07,0,fastq_masker_by_quality/1.0.0
1250,2022-07,0,mothur_summary_seqs/1.36.1.0
1251,2022-07,0,mothur_summary_single/1.39.5.0
1252,2022-07,0,EMBOSS: wordmatch110/5.0.0.1
1253,2022-07,0,EMBOSS: wordcount109/5.0.0.1
1254,2022-07,0,msaboot/0.1.2
1255,2022-07,0,EMBOSS: trimest102/5.0.0.1
1256,2022-07,0,EMBOSS: tranalign100/5.0.0
1257,2022-07,0,EMBOSS: tcode97/5.0.0.1
1258,2022-07,0,EMBOSS: supermatcher95/5.0.0.1
1259,2022-07,0,EMBOSS: primersearch81/5.0.0.1
1260,2022-07,0,EMBOSS: prettyplot79/5.0.0.1
1261,2022-07,0,EMBOSS: polydot77/5.0.0.1
1262,2022-07,0,EMBOSS: plotorf76/5.0.0
1263,2022-07,0,EMBOSS: pepwindow73/5.0.0.1
1264,2022-07,0,EMBOSS: merger54/5.0.0.1
1265,2022-07,0,EMBOSS: megamerger53/5.0.0.1
1266,2022-07,0,EMBOSS: matcher52/5.0.0.1
1267,2022-07,0,EMBOSS: marscan49/5.0.0
1268,2022-07,0,poretools_nucdist/0.6.1a1.0
1269,2022-07,0,poretools_occupancy/0.6.1a1.1
1270,2022-07,0,poretools_squiggle/0.6.1a1.1
1271,2022-07,0,poretools_times/0.6.1a1.0
1272,2022-07,0,poretools_yield_plot/0.6.1a1.1
1273,2022-07,0,presto_buildconsensus/0.6.2+galaxy0
1274,2022-07,0,EMBOSS: cirdna11/5.0.0
1275,2022-07,0,qualimap_multi_bamqc/2.2.2d
1276,2022-07,0,quast/4.6.3
1277,2022-07,0,gops_complement_1/1.0.0
1278,2022-07,0,resize_coordinate_window/1.0.2
1279,2022-07,0,rgcca/3.0.2+galaxy1
1280,2022-07,0,gmx_solvate/2021.3+galaxy1
1281,2022-07,0,biomd_extract_clusters/0.1.5.2+galaxy1
1282,2022-07,0,acpype_Amber2Gromacs/21.10+galaxy0
1283,2022-07,0,MDtag_filter/1.0.2
1284,2022-07,0,uniprot/0.2
1285,2022-07,0,tp_tac/1.1.0
1286,2022-07,0,seqtk_cutN/1.3.1
1287,2022-07,0,seqtk_dropse/1.3.1
1288,2022-07,0,seqtk_mergepe/1.3.1
1289,2022-07,0,scipy_sparse/1.0.8.3
1290,2022-07,0,rxdock_rbcavity/2013.1.1_148c5bd1+galaxy0
1291,2022-07,0,rdock_rbdock/2013.1-0+galaxy0
1292,2022-07,0,pharmcat/1.7.0+galaxy0
1293,2022-07,0,pandas_rolling_window/0.1
1294,2022-07,0,openbabel_svg_depiction/3.1.1+galaxy0
1295,2022-07,0,openbabel_addh/3.1.1+galaxy1
1296,2022-07,0,ctb_pubchem_download_as_smiles/0.3
1297,2022-07,0,tn93_readreduce/1.0.6
1298,2022-07,0,enumerate_charges/2020.03.4+galaxy0
1299,2022-07,0,trinity_filter_low_expr_transcripts/2.9.1
1300,2022-07,0,diffbind/2.0.2
1301,2022-07,0,bg_diamond_view/2.0.8
1302,2022-07,0,bg_diamond_makedb/2.0.8
1303,2022-07,0,bg_diamond/2.0.8.0
1304,2022-07,0,deeptools_correct_gc_bias/3.5.1.0.0
1305,2022-07,0,deeptools_bigwig_compare/3.3.2.0.0
1306,2022-07,0,vcfdistance/1.0.0_rc1+galaxy0
1307,2022-07,0,vegan_diversity/2.4-3
1308,2022-07,0,vegan_fisher_alpha/2.4-3
1309,2022-07,0,vsearch_chimera_detection/2.8.3.0
1310,2022-07,0,vsearch_search/2.8.3.1
1311,2022-07,0,ctb_mds_plot/0.1
1312,2022-07,0,ctb_im_o3dalign/1.1.4+galaxy0
1313,2022-07,0,ctb_frankenstein_ligand/2013.1-0+galaxy0
1314,2022-07,0,ctb_chemfp_mol2fps/1.6.1+galaxy0
1315,2022-07,0,ctb_chemfp_butina_clustering/1.6.1+0
1316,2022-07,0,gd_assignment_of_optimal_breeding_pairs/1.0.0
1317,2022-07,0,gd_cluster_kegg/1.0.0
1318,2022-07,0,gd_evaluate_population_numbers/1.0.0
1319,2022-07,0,gd_find_intervals/1.1.0
1320,2022-07,0,gd_inbreeding_and_kinship/1.0.0
1321,2022-07,0,gd_new_oscar/1.0.0
1322,2022-07,0,gd_specify_restriction_enzymes/1.0.0
1323,2022-07,0,combineproballelecom/2.0.0
1324,2022-07,0,maf_stats1/maf_stats1
1325,2022-07,0,rseqc_tin/2.6.4.1
1326,2022-07,0,gff_filter_by_feature_count/gff_filter_by_feature_count
1327,2022-07,0,snpEff/1.0
1328,2022-07,0,CONVERTER_sam_to_unsorted_bam/CONVERTER_sam_to_unsorted_bam
1329,2022-07,0,rbc_mafft/7.221.3
1330,2022-07,0,iterative_map_pipeline/1.0
1331,2022-07,0,mimodd_header/0.1.9
1332,2022-07,0,mimodd_info/0.1.9
