,month_year,totalmemory,tool_name_version
1, 2021-05 ,12688386111604.0,upload1/upload1
2, 2021-05 ,4359586751688.0,Add_a_column1/1.6
3, 2021-05 ,3996713461440.0,fastqc/0.72+galaxy1
4, 2021-05 ,2884239316308.0,Cut1/Cut1
5, 2021-05 ,2536649233328.0,snpSift_extractFields/4.3+t.galaxy0
6, 2021-05 ,2478024595144.0,snpSift_filter/4.3+t.galaxy1
7, 2021-05 ,1572686791424.0,tp_find_and_replace/1.1.3
8, 2021-05 ,1347437133364.0,Filter1/Filter1
9, 2021-05 ,1212646076040.0,ucsc_table_direct1/ucsc_table_direct1
10, 2021-05 ,1202009448168.0,lofreq_call/2.1.5+galaxy0
11, 2021-05 ,1197718547716.0,bwa_mem/0.7.17.1
12, 2021-05 ,1071712796516.0,hisat2/2.1.0+galaxy7
13, 2021-05 ,1006514440968.0,featurecounts/2.0.1
14, 2021-05 ,950939611576.0,lofreq_viterbi/2.1.5+galaxy0
15, 2021-05 ,882497011564.0,bcftools_consensus/1.10
16, 2021-05 ,876345651300.0,lofreq_filter/2.1.5+galaxy0
17, 2021-05 ,875978024964.0,CONVERTER_gz_to_uncompressed/CONVERTER_gz_to_uncompressed
18, 2021-05 ,842016411264.0,gops_subtract_1/1.0.0
19, 2021-05 ,835423147580.0,tp_replace_in_line/1.1.2
20, 2021-05 ,826003105060.0,bedtools_genomecoveragebed/2.29.2
21, 2021-05 ,821527051912.0,datamash_ops/1.1.0
22, 2021-05 ,814955463000.0,gops_merge_1/1.0.0
23, 2021-05 ,805938343364.0,vcfvcfintersect/1.0.0_rc3+galaxy0
24, 2021-05 ,776904581544.0,gops_concat_1/1.0.1
25, 2021-05 ,773356078084.0,trimmomatic/0.38.0
26, 2021-05 ,760440280936.0,replace_column_with_key_value_file/0.2
27, 2021-05 ,719393229236.0,fastp/0.20.1+galaxy0
28, 2021-05 ,716287634356.0,fastq_dump/2.10.9+galaxy0
29, 2021-05 ,673021533128.0,snpeff_sars_cov_2/4.5covid19
30, 2021-05 ,641498135000.0,ivar_trim/1.2.2+galaxy1
31, 2021-05 ,628428971632.0,samtools_stats/2.0.2+galaxy2
32, 2021-05 ,603702396892.0,qualimap_bamqc/2.2.2d+galaxy3
33, 2021-05 ,598047426676.0,lofreq_indelqual/2.1.5+galaxy0
34, 2021-05 ,546541405060.0,lastz_wrapper_2/1.3.3
35, 2021-05 ,535136447748.0,trim_galore/0.6.3
36, 2021-05 ,523039282532.0,bowtie2/2.4.2+galaxy0
37, 2021-05 ,499791400696.0,cutadapt/1.16.6
38, 2021-05 ,481618185916.0,stringtie/2.1.1
39, 2021-05 ,428009047704.0,__SET_METADATA__/__SET_METADATA__
40, 2021-05 ,410125511324.0,fastp/0.19.5+galaxy1
41, 2021-05 ,379781795400.0,__DATA_FETCH__/__DATA_FETCH__
42, 2021-05 ,377653344824.0,ivar_removereads/1.2.2+galaxy1
43, 2021-05 ,374416242984.0,deseq2/2.11.40.6+galaxy1
44, 2021-05 ,374165574440.0,samtools_view/1.9+galaxy2
45, 2021-05 ,350527452336.0,rna_star/2.7.8a
46, 2021-05 ,336420431736.0,fasterq_dump/2.10.9+galaxy0
47, 2021-05 ,323852205684.0,htseq_count/0.9.1
48, 2021-05 ,313743593352.0,fastq_to_fasta_python/1.1.5
49, 2021-05 ,298967537820.0,picard_MarkDuplicates/2.18.2.2
50, 2021-05 ,266673168048.0,fasta_filter_by_length/1.2
51, 2021-05 ,262618489728.0,join1/join1
52, 2021-05 ,261382788744.0,multiqc/1.9+galaxy1
53, 2021-05 ,240049792584.0,Grep1/Grep1
54, 2021-05 ,240044057520.0,deeptools_bam_coverage/3.3.2.0.0
55, 2021-05 ,234325990044.0,freebayes/1.3.1
56, 2021-05 ,222145734732.0,deeptools_compute_matrix/3.3.2.0.0
57, 2021-05 ,221201622600.0,samtool_filter2/1.8+galaxy1
58, 2021-05 ,215960015880.0,cshl_fastx_collapser/1.0.1
59, 2021-05 ,207362764056.0,macs2_callpeak/2.1.1.20160309.6
60, 2021-05 ,206391308340.0,fastq_groomer/1.1.5
61, 2021-05 ,201638671852.0,ncbi_blastn_wrapper/2.10.1+galaxy0
62, 2021-05 ,200907533904.0,deeptools_plot_heatmap/3.3.2.0.1
63, 2021-05 ,200715527208.0,vcffilter2/1.0.0_rc3+galaxy3
64, 2021-05 ,192741828020.0,lofreq_call/2.1.5+galaxy1
65, 2021-05 ,187487262228.0,sra_source/sra_source
66, 2021-05 ,180863777964.0,prokka/1.14.5+galaxy0
67, 2021-05 ,175647958164.0,tab2fasta/1.1.1
68, 2021-05 ,174605506908.0,cat1/cat1
69, 2021-05 ,155054905320.0,deeptools_plot_profile/3.3.2.0.0
70, 2021-05 ,145457178048.0,Grouping1/Grouping1
71, 2021-05 ,132960364404.0,tp_cut_tool/1.1.0
72, 2021-05 ,129994126660.0,bwa/0.7.17.4
73, 2021-05 ,129757365696.0,ebi_sra_main/ebi_sra_main
74, 2021-05 ,129642997932.0,samtools_idxstats/2.0.3
75, 2021-05 ,129378292512.0,sort1/sort1
76, 2021-05 ,128170069440.0,ggplot2_heatmap2/3.0.1
77, 2021-05 ,121960865544.0,ivar_consensus/1.2.2+galaxy0
78, 2021-05 ,119563090584.0,snpEff/4.3+T.galaxy1
79, 2021-05 ,118450870860.0,fasta2tab/1.1.1
80, 2021-05 ,118234319112.0,qualimap_bamqc/2.2.2c
81, 2021-05 ,116698884456.0,fastq_join/1.1.2-806.1
82, 2021-05 ,116604116160.0,rseqc_infer_experiment/2.6.4.1
83, 2021-05 ,112427038248.0,gops_join_1/1.0.0
84, 2021-05 ,110444378600.0,spades/3.12.0+galaxy1
85, 2021-05 ,108922281152.0,tophat2/2.1.1
86, 2021-05 ,106379126112.0,bedtools_intersectbed/2.30.0
87, 2021-05 ,106062238256.0,salmon/1.3.0+galaxy1
88, 2021-05 ,103536982660.0,cufflinks/2.2.1.3
89, 2021-05 ,98824486908.0,picard_SamToFastq/2.18.2.2
90, 2021-05 ,98298781224.0,deg_annotate/1.1.0
91, 2021-05 ,93382228128.0,clustalw/2.1
92, 2021-05 ,92062567380.0,tp_sort_header_tool/1.1.1
93, 2021-05 ,91779804480.0,samtools_flagstat/2.0.3
94, 2021-05 ,91175539560.0,jvarkit_wgscoverageplotter/20201223+galaxy0
95, 2021-05 ,90319686660.0,volcanoplot/0.0.3
96, 2021-05 ,88882566696.0,edger/3.24.1+galaxy1
97, 2021-05 ,86858004408.0,samtools_view/1.9+galaxy3
98, 2021-05 ,85034247284.0,tp_easyjoin_tool/1.1.2
99, 2021-05 ,84722004612.0,bcftools_mpileup/1.10
100, 2021-05 ,83849175732.0,annotatemyids/3.12.0
101, 2021-05 ,79820885676.0,mothur_make_biom/1.39.5.0
102, 2021-05 ,74586689268.0,bamFilter/2.4.1
103, 2021-05 ,74078274312.0,wig_to_bigWig/wig_to_bigWig
104, 2021-05 ,73811252172.0,CONVERTER_fastq_to_fqtoc0/CONVERTER_fastq_to_fqtoc0
105, 2021-05 ,73358240420.0,cuffdiff/2.2.1.6
106, 2021-05 ,71229962496.0,samtools_rmdup/2.0.1
107, 2021-05 ,68291822592.0,tp_sed_tool/1.1.1
108, 2021-05 ,68007515576.0,mothur_summary_seqs/1.39.5.0
109, 2021-05 ,67760711468.0,samtools_sort/2.0.3
110, 2021-05 ,67418838648.0,busco/5.0.0+galaxy0
111, 2021-05 ,66191631324.0,comp1/comp1
112, 2021-05 ,65209985960.0,mothur_make_contigs/1.39.5.1
113, 2021-05 ,63609106596.0,tp_grep_tool/1.1.1
114, 2021-05 ,63432687444.0,abricate/1.0.1
115, 2021-05 ,61913456472.0,picard_AddOrReplaceReadGroups/2.18.2.1
116, 2021-05 ,60949871220.0,Remove beginning1/Remove beginning1
117, 2021-05 ,60670115416.0,kraken2/2.1.1+galaxy1
118, 2021-05 ,60104052120.0,csv_to_tabular/csv_to_tabular
119, 2021-05 ,58702433580.0,compose_text_param/0.1.1
120, 2021-05 ,58271343144.0,limma_voom/3.38.3+galaxy3
121, 2021-05 ,56469349104.0,mothur_unique_seqs/1.39.5.0
122, 2021-05 ,56058786084.0,tp_head_tool/1.1.0
123, 2021-05 ,54421942344.0,goseq/1.36.0+galaxy0
124, 2021-05 ,54406354800.0,seqtk_sample/1.3.2
125, 2021-05 ,53956124712.0,chipseeker/1.18.0+galaxy1
126, 2021-05 ,53736026568.0,CONVERTER_interval_to_bed_0/CONVERTER_interval_to_bed_0
127, 2021-05 ,53547878412.0,cat_multiple/0.2
128, 2021-05 ,53455580220.0,vcfannotate/1.0.0_rc3+galaxy0
129, 2021-05 ,53372689692.0,snippy/4.5.0
130, 2021-05 ,52664708964.0,mothur_make_group/1.39.5.0
131, 2021-05 ,52524098340.0,gops_intersect_1/1.0.0
132, 2021-05 ,52235006628.0,cshl_fastq_quality_filter/1.0.2+galaxy0
133, 2021-05 ,50784922608.0,tp_cat/0.1.0
134, 2021-05 ,50336855856.0,mothur_heatmap_sim/1.39.5.0
135, 2021-05 ,49486092884.0,quast/5.0.2+galaxy1
136, 2021-05 ,49373270604.0,circos/0.69.8+galaxy7
137, 2021-05 ,49305665472.0,cshl_fastx_collapser/1.0.0
138, 2021-05 ,49201945044.0,cshl_fastq_to_fasta/1.0.0
139, 2021-05 ,48341447264.0,unicycler/0.4.8.0
140, 2021-05 ,47515093668.0,mothur_make_shared/1.39.5.0
141, 2021-05 ,46168881556.0,mothur_screen_seqs/1.39.5.1
142, 2021-05 ,45788879860.0,kallisto_quant/0.46.0.4
143, 2021-05 ,45614779560.0,fastq_trimmer/1.1.5
144, 2021-05 ,44273662944.0,table_annovar/0.2
145, 2021-05 ,44003557164.0,qualimap_rnaseq/2.2.2d+galaxy1
146, 2021-05 ,43416268224.0,sam_pileup/1.1.3
147, 2021-05 ,43280444424.0,bcftools_view/1.10
148, 2021-05 ,42625396968.0,tabular_to_csv/tabular_to_csv
149, 2021-05 ,42621538428.0,CONVERTER_bam_to_bigwig_0/CONVERTER_bam_to_bigwig_0
150, 2021-05 ,42063422604.0,collection_column_join/0.0.3
151, 2021-05 ,41376270256.0,velveth/1.2.10.2
152, 2021-05 ,41293232484.0,fastq_quality_trimmer/1.1.5
153, 2021-05 ,40746538896.0,mothur_taxonomy_to_krona/1.0
154, 2021-05 ,40700543184.0,bamleftalign/1.3.1
155, 2021-05 ,39888062508.0,CONVERTER_fasta_to_tabular/CONVERTER_fasta_to_tabular
156, 2021-05 ,38741269308.0,newick_display/1.6+galaxy1
157, 2021-05 ,38119406892.0,Count1/Count1
158, 2021-05 ,37790494728.0,Convert characters1/Convert characters1
159, 2021-05 ,37396294152.0,bamtools/2.4.0.0
160, 2021-05 ,37126341756.0,picard_SortSam/2.18.2.1
161, 2021-05 ,36646325016.0,EMBOSS: geecee41/5.0.0
162, 2021-05 ,36249804996.0,bowtie2/2.3.4.3+galaxy0
163, 2021-05 ,36024612216.0,minimap2/2.17+galaxy4
164, 2021-05 ,35896509264.0,Extract genomic DNA 1/3.0.3+galaxy2
165, 2021-05 ,35504932176.0,Show beginning1/Show beginning1
166, 2021-05 ,35379448944.0,CONVERTER_vcf_to_vcf_bgzip_0/CONVERTER_vcf_to_vcf_bgzip_0
167, 2021-05 ,35339781876.0,deeptools_plot_correlation/3.3.2.0.0
168, 2021-05 ,35224638428.0,mothur_tree_shared/1.39.5.0
169, 2021-05 ,35016116688.0,bam_to_sam/2.0.1
170, 2021-05 ,34913630472.0,nanoplot/1.28.2+galaxy1
171, 2021-05 ,34891868508.0,bandage_image/0.8.1+galaxy3
172, 2021-05 ,34854824928.0,cshl_fastx_trimmer/1.0.2+galaxy0
173, 2021-05 ,34715295972.0,CONVERTER_interval_to_bedstrict_0/CONVERTER_interval_to_bedstrict_0
174, 2021-05 ,34656489588.0,bcftools_call/1.10
175, 2021-05 ,34566814884.0,snpSift_annotate/4.3+t.galaxy1
176, 2021-05 ,34245619800.0,bcftools_consensus/1.10+galaxy1
177, 2021-05 ,34211046324.0,bcftools_plugin_counts/1.10+galaxy1
178, 2021-05 ,34123995108.0,mothur_count_seqs/1.39.5.0
179, 2021-05 ,33164268396.0,picard_MergeSamFiles/2.18.2.1
180, 2021-05 ,33084934260.0,samtools_mpileup/2.1.4
181, 2021-05 ,33017022360.0,vcf2tsv/1.0.0_rc3+galaxy0
182, 2021-05 ,32445167580.0,dada2_filterAndTrim/1.18+galaxy0
183, 2021-05 ,32294063004.0,bedtools_bamtobed/2.30.0
184, 2021-05 ,32043249924.0,Paste1/Paste1
185, 2021-05 ,31899270708.0,kraken/1.3.1
186, 2021-05 ,31539000276.0,ngsutils_bam_filter/0.5.9
187, 2021-05 ,31381565684.0,samtools_slice_bam/2.0.1
188, 2021-05 ,31152516780.0,dexseq_count/1.28.1.0
189, 2021-05 ,30935042124.0,bcftools_filter/1.10
190, 2021-05 ,30681605556.0,bedtools_getfastabed/2.30.0
191, 2021-05 ,30674039056.0,spaln/2.4.03+galaxy0
192, 2021-05 ,30181214448.0,pileup_parser/1.0.2
193, 2021-05 ,29724347884.0,cuffmerge/0.0.5
194, 2021-05 ,29193242904.0,sam_dump/2.10.9+galaxy0
195, 2021-05 ,28774809420.0,macs2_bdgpeakcall/2.1.1.20160309.0
196, 2021-05 ,27990420192.0,CONVERTER_bam_to_coodinate_sorted_bam/CONVERTER_bam_to_coodinate_sorted_bam
197, 2021-05 ,27646073868.0,CONVERTER_bed_gff_or_vcf_to_bigwig_0/CONVERTER_bed_gff_or_vcf_to_bigwig_0
198, 2021-05 ,27537259848.0,jbrowse/1.16.11+galaxy0
199, 2021-05 ,27532166256.0,cshl_fastx_reverse_complement/1.0.2+galaxy0
200, 2021-05 ,26975438868.0,taxonomy_krona_chart/2.7.1
201, 2021-05 ,26874341928.0,datamash_reverse/1.1.0
202, 2021-05 ,26810441952.0,fastq_filter/1.1.5
203, 2021-05 ,26534006052.0,shovill/1.1.0+galaxy0
204, 2021-05 ,26302333764.0,snpEff_build_gb/4.3+T.galaxy4
205, 2021-05 ,26124372792.0,porechop/0.2.3
206, 2021-05 ,26079612132.0,varscan/2.4.2
207, 2021-05 ,25832656584.0,rbc_mafft/7.221.3
208, 2021-05 ,25746994812.0,ncbi_makeblastdb/2.10.1+galaxy0
209, 2021-05 ,25717514928.0,naive_variant_caller/0.0.4
210, 2021-05 ,25415459160.0,scanpy_plot/1.7.1+galaxy0
211, 2021-05 ,25231169544.0,bedtools_multiintersectbed/2.30.0
212, 2021-05 ,25203078096.0,bcftools_annotate/1.10
213, 2021-05 ,24843450996.0,snpEff_download/4.3+T.galaxy2
214, 2021-05 ,24751306188.0,cshl_fastq_to_fasta/1.0.2
215, 2021-05 ,24720591252.0,rseqc_bam_stat/2.6.4
216, 2021-05 ,24677065644.0,fasta_merge_files_and_filter_unique_sequences/1.2.0
217, 2021-05 ,24619494312.0,rseqc_read_distribution/2.6.4.1
218, 2021-05 ,24549112308.0,fastq_paired_end_splitter/1.1.5
219, 2021-05 ,24429596136.0,ncbi_blastp_wrapper/2.10.1+galaxy0
220, 2021-05 ,24357105612.0,bed_to_bigBed/bed_to_bigBed
221, 2021-05 ,24192108696.0,fastq_groomer/1.1.1
222, 2021-05 ,23943919104.0,fastq_paired_end_deinterlacer/1.1.5
223, 2021-05 ,23609759964.0,table_compute/0.9.2
224, 2021-05 ,23604819756.0,fastqc/0.72
225, 2021-05 ,23541999632.0,stringtie_merge/2.1.1
226, 2021-05 ,23197808508.0,ChangeCase/ChangeCase
227, 2021-05 ,23064608196.0,vcfhethom/1.0.0_rc3+galaxy0
228, 2021-05 ,22786937964.0,dada2_dada/1.18+galaxy0
229, 2021-05 ,22761316388.0,mothur_rarefaction_single/1.39.5.0
230, 2021-05 ,22706368176.0,deeptools_bam_compare/3.3.2.0.0
231, 2021-05 ,22674266160.0,samtools_bedcov/2.0.2
232, 2021-05 ,22671794928.0,mothur_align_seqs/1.39.5.0
233, 2021-05 ,22502787216.0,CONVERTER_vcf_bgzip_to_tabix_0/CONVERTER_vcf_bgzip_to_tabix_0
234, 2021-05 ,22243021612.0,mothur_classify_seqs/1.39.5.0
235, 2021-05 ,22048698588.0,cshl_fastx_barcode_splitter/1.0.1
236, 2021-05 ,22001159868.0,mothur_dist_shared/1.39.5.0
237, 2021-05 ,21948683316.0,samtool_filter2/1.1.2
238, 2021-05 ,21642768672.0,collapse_dataset/4.2
239, 2021-05 ,21351053808.0,Kraken2Tax/1.2
240, 2021-05 ,21311385344.0,deeptools_plot_coverage/3.3.2.0.0
241, 2021-05 ,21279434992.0,deeptools_bigwig_compare/3.3.2.0.0
242, 2021-05 ,21000378840.0,goenrichment/2.0.1
243, 2021-05 ,20913327456.0,Add_a_column1/1.5
244, 2021-05 ,20818712712.0,samtools_depth/1.9
245, 2021-05 ,20521750536.0,mothur_remove_lineage/1.39.5.0
246, 2021-05 ,20059790828.0,mothur_filter_seqs/1.39.5.0
247, 2021-05 ,19792309152.0,seq_filter_by_id/0.2.7
248, 2021-05 ,19599220788.0,fasta-stats/1.0.1
249, 2021-05 ,19585021680.0,tab2fasta/1.1.0
250, 2021-05 ,19521121704.0,bedtools_genomecoveragebed/2.30.0
251, 2021-05 ,19352112192.0,mothur_pre_cluster/1.39.5.0
252, 2021-05 ,19202396724.0,ncbi_acc_download/0.2.5+galaxy0
253, 2021-05 ,19167823248.0,diffbind/2.10.0
254, 2021-05 ,19123062588.0,collapse_dataset/5.1.0
255, 2021-05 ,18873484560.0,anndata_manipulate/0.7.5+galaxy0
256, 2021-05 ,18842768672.0,velvetoptimiser/2.2.6
257, 2021-05 ,18786433344.0,tp_awk_tool/1.1.2
258, 2021-05 ,18684101352.0,CONVERTER_interval_to_bed12_0/CONVERTER_interval_to_bed12_0
259, 2021-05 ,18288665724.0,bedtools_intersectbed/2.29.0
260, 2021-05 ,18256715736.0,bedtools_sortbed/2.30.0
261, 2021-05 ,18190038888.0,CONVERTER_bedgraph_to_bigwig/CONVERTER_bedgraph_to_bigwig
262, 2021-05 ,18128762400.0,vcfallelicprimitives/1.0.0_rc3+galaxy0
263, 2021-05 ,17779322484.0,fastq_to_tabular/1.1.5
264, 2021-05 ,17714034072.0,ggplot2_heatmap/2.2.1
265, 2021-05 ,17674367004.0,charts/1.0.1
266, 2021-05 ,17652604200.0,EMBOSS: getorf42/5.0.0.1
267, 2021-05 ,17646275556.0,tp_replace_in_column/1.1.3
268, 2021-05 ,17488842336.0,picard_CleanSam/2.18.2.1
269, 2021-05 ,17437599648.0,mothur_classify_otu/1.39.5.0
270, 2021-05 ,17313504852.0,fastq_stats/1.1.5
271, 2021-05 ,17309646312.0,fastq_paired_end_joiner/2.0.1.1+galaxy0
272, 2021-05 ,17175362788.0,deeptools_multi_bam_summary/3.3.2.0.0
273, 2021-05 ,17150977592.0,mothur_cluster_split/1.39.5.0
274, 2021-05 ,17033211720.0,snpfreqplot/1.0+galaxy3
275, 2021-05 ,16904023500.0,macs2_predictd/2.1.1.20160309.1
276, 2021-05 ,16838735088.0,fastqc/0.63
277, 2021-05 ,16815737232.0,wc_gnu/wc_gnu
278, 2021-05 ,16685160408.0,tp_sorted_uniq/1.1.0
279, 2021-05 ,16502105844.0,XY_Plot_1/1.0.2
280, 2021-05 ,16386963180.0,allele_counts_1/1.3.2
281, 2021-05 ,16338343476.0,mothur_chimera_vsearch/1.39.5.2
282, 2021-05 ,16219342776.0,filter_by_fasta_ids/2.3
283, 2021-05 ,16091389440.0,fasta2tab/1.1.0
284, 2021-05 ,15935191272.0,mothur_count_groups/1.39.5.0
285, 2021-05 ,15905864772.0,fastq_paired_end_interlacer/1.2.0.1+galaxy0
286, 2021-05 ,15863574216.0,venn_list/0.1.1
287, 2021-05 ,15845669952.0,gtftobed12/357
288, 2021-05 ,15766334972.0,sailfish/0.10.1.1
289, 2021-05 ,15587293176.0,fasttree/2.1.10+galaxy1
290, 2021-05 ,15500088576.0,rseqc_geneBody_coverage/2.6.4.3
291, 2021-05 ,15415660848.0,gffread/2.2.1.2
292, 2021-05 ,15337561764.0,ivar_variants/1.2.2+galaxy0
293, 2021-05 ,15226276968.0,velveth/1.2.10.1
294, 2021-05 ,15099559356.0,tp_multijoin_tool/1.1.1
295, 2021-05 ,14919128280.0,fastqc/0.69
296, 2021-05 ,14862792000.0,CONVERTER_ref_to_seq_taxomony/CONVERTER_ref_to_seq_taxomony
297, 2021-05 ,14775420200.0,trinity/2.9.1+galaxy1
298, 2021-05 ,14730980124.0,tp_replace_in_line/1.1.1
299, 2021-05 ,14722027992.0,mothur_remove_seqs/1.39.5.0
300, 2021-05 ,14699030136.0,tximport/0.1
301, 2021-05 ,14542831968.0,qualimap_multi_bamqc/2.2.2d
302, 2021-05 ,14540361028.0,mummer_nucmer/4.0.0beta2+galaxy1
303, 2021-05 ,14521069164.0,CONVERTER_cram_to_bam_0/CONVERTER_cram_to_bam_0
304, 2021-05 ,14463497832.0,mothur_sub_sample/1.39.5.0
305, 2021-05 ,14270256084.0,EMBOSS: union105/5.0.0
306, 2021-05 ,14266397544.0,bcftools_query_list_samples/1.10
307, 2021-05 ,14169619296.0,picard_ValidateSamFile/2.18.2.1
308, 2021-05 ,14141067696.0,bedtools_bamtofastq/2.27.1
309, 2021-05 ,14088589104.0,trinity_align_and_estimate_abundance/2.9.1+galaxy1
310, 2021-05 ,13908158880.0,filter_tabular/3.1.2
311, 2021-05 ,13846728352.0,roary/3.13.0+galaxy1
312, 2021-05 ,13833918336.0,pathview/1.24.0+galaxy0
313, 2021-05 ,13593292440.0,samtools_calmd/2.0.2
314, 2021-05 ,13588198848.0,CONVERTER_fasta_to_fai/CONVERTER_fasta_to_fai
315, 2021-05 ,13526768976.0,samtools_fastx/1.9+galaxy1
316, 2021-05 ,13513958248.0,split_file_to_collection/0.5.0
317, 2021-05 ,13442341136.0,iqtree/1.5.5.3
318, 2021-05 ,13306670832.0,anndata_inspect/0.7.5+galaxy0
319, 2021-05 ,13278577548.0,sam_to_bam/2.1.1
320, 2021-05 ,13165906824.0,velvetg/1.2.10.2
321, 2021-05 ,13003380012.0,ggplot2_pca/2.2.1
322, 2021-05 ,12968806536.0,sam_merge2/1.2.0
323, 2021-05 ,12806279724.0,varscan_mpileup/2.4.3.1
324, 2021-05 ,12735897188.0,cuffmerge/2.2.1.2
325, 2021-05 ,12732039180.0,samtools_merge/1.9
326, 2021-05 ,12609179436.0,snpsift_vartype/4.3+t.galaxy0
327, 2021-05 ,12410844096.0,vcfbreakcreatemulti/1.0.0_rc3+galaxy0
328, 2021-05 ,12358366076.0,pilon/1.20.1
329, 2021-05 ,12204791676.0,bcftools_norm/1.10
330, 2021-05 ,12148455396.0,bcftools_reheader/1.10
331, 2021-05 ,12020502060.0,samtools_split/1.9
332, 2021-05 ,11860597820.0,featurecounts/1.6.4+galaxy2
333, 2021-05 ,11801792352.0,bp_genbank2gff3/1.1
334, 2021-05 ,11796545376.0,vegan_diversity/2.4-3
335, 2021-05 ,11782499652.0,Show tail1/Show tail1
336, 2021-05 ,11708258716.0,bwa_mem/0.1
337, 2021-05 ,11659639908.0,meme_meme/5.0.5.0
338, 2021-05 ,11642970696.0,regex1/1.0.1
339, 2021-05 ,11614879248.0,fgsea/1.8.0+galaxy1
340, 2021-05 ,11611020708.0,scanpy_inspect/1.7.1+galaxy0
341, 2021-05 ,11506065228.0,picard_AddOrReplaceReadGroups/1.126.0
342, 2021-05 ,11502206688.0,augustus_training/3.3.3
343, 2021-05 ,11492018868.0,flye/2.6
344, 2021-05 ,11488160964.0,meme_chip/4.11.2+galaxy1
345, 2021-05 ,11480443884.0,dada2_mergePairs/1.18+galaxy0
346, 2021-05 ,11163107340.0,snpEff_databases/4.3+T.galaxy2
347, 2021-05 ,11123440272.0,EMBOSS: needle56/5.0.0.1
348, 2021-05 ,11115723192.0,pygenomeTracks/3.6
349, 2021-05 ,11110629600.0,rgweblogo3/3.5.0
350, 2021-05 ,11044106136.0,addValue/addValue
351, 2021-05 ,10955819256.0,hisat2/2.1.0+galaxy5
352, 2021-05 ,10946867188.0,deeptools_multi_bigwig_summary/3.3.2.0.0
353, 2021-05 ,10944244248.0,multiqc/1.8+galaxy1
354, 2021-05 ,10931433576.0,mothur_get_groups/1.39.5.0
355, 2021-05 ,10829101584.0,deeptools_plot_pca/3.3.2.0.0
356, 2021-05 ,10811197320.0,addName/0.2.0
357, 2021-05 ,10768906764.0,samtools_markdup/1.9+galaxy2
358, 2021-05 ,10706241840.0,EMBOSS: transeq101/5.0.0
359, 2021-05 ,10657622640.0,fastqe/0.2.6+galaxy1
360, 2021-05 ,10653764100.0,scanpy_cluster_reduce_dimension/1.7.1+galaxy0
361, 2021-05 ,10605144900.0,mothur_fastq_info/1.39.5.0
362, 2021-05 ,10504047960.0,CONVERTER_gff_to_bed_0/CONVERTER_gff_to_bed_0
363, 2021-05 ,10100895252.0,intervene_pairwise/0.6.4
364, 2021-05 ,10056134592.0,__EXPORT_HISTORY__/__EXPORT_HISTORY__
365, 2021-05 ,10047182460.0,picard_NormalizeFasta/2.18.2.1
366, 2021-05 ,9915370584.0,picard_CollectInsertSizeMetrics/2.18.2.1
367, 2021-05 ,9765654444.0,collapse_dataset/4.1
368, 2021-05 ,9705459624.0,varscan_copynumber/2.4.3.2
369, 2021-05 ,9696507492.0,gprofiler_gost/0.1.7+galaxy11
370, 2021-05 ,9647888292.0,miniasm/0.3+galaxy0
371, 2021-05 ,9525028548.0,mothur_cluster/1.39.5.0
372, 2021-05 ,9473939244.0,cshl_fastq_quality_boxplot/1.0.1
373, 2021-05 ,9453411492.0,trim_galore/0.4.3.1
374, 2021-05 ,9431648688.0,bioext_bam2msa/0.19.7.0
375, 2021-05 ,9339503880.0,mothur_rename_seqs/1.39.5.0
376, 2021-05 ,9287026140.0,bedtools_mergebed/2.30.0
377, 2021-05 ,9252452216.0,tophat2/0.9
378, 2021-05 ,9251216896.0,repeatmasker_wrapper/4.0.9
379, 2021-05 ,9173118472.0,mothur_trim_seqs/1.39.5.0
380, 2021-05 ,9102736524.0,hgv_david/hgv_david
381, 2021-05 ,9014450256.0,deeptools_plot_heatmap/3.1.2.0.1
382, 2021-05 ,8887731972.0,CONVERTER_bed_to_gff_0/CONVERTER_bed_to_gff_0
383, 2021-05 ,8859640524.0,ivar_consensus/1.3.1+galaxy0
384, 2021-05 ,8794352112.0,gd_raxml/1.0.0
385, 2021-05 ,8752061556.0,ucsc_table_direct_archaea1/ucsc_table_direct_archaea1
386, 2021-05 ,8729063700.0,bcftools_concat/1.10
387, 2021-05 ,8676585960.0,ggplot2_point/2.2.1+galaxy2
388, 2021-05 ,8501248476.0,intervene_upset/0.6.4
389, 2021-05 ,8487356136.0,cshl_fastx_trimmer/1.0.0
390, 2021-05 ,8474392080.0,taxonomy_krona_chart/2.6.1.1
391, 2021-05 ,8398915972.0,varscan_somatic/2.4.3.6
392, 2021-05 ,8341345152.0,mummer_dnadiff/4.0.0beta2+galaxy1
393, 2021-05 ,8320817176.0,mothur_dist_seqs/1.39.5.0
394, 2021-05 ,8295196056.0,bedtools_fisher/2.30.0
395, 2021-05 ,8180052988.0,gatk4_mutect2/4.1.7.0+galaxy02
396, 2021-05 ,8118623520.0,scanpy_filter/1.7.1+galaxy0
397, 2021-05 ,8104577044.0,featurecounts/1.6.4+galaxy1
398, 2021-05 ,8073862860.0,gff2bed1/gff2bed1
399, 2021-05 ,8035430844.0,kraken-report/1.3.1
400, 2021-05 ,7977859512.0,vcfcombine/1.0.0_rc3+galaxy0
401, 2021-05 ,7952238168.0,mothur_venn/1.39.5.0
402, 2021-05 ,7929240312.0,fasta_compute_length/1.0.3
403, 2021-05 ,7872904032.0,MAF_To_Fasta1/MAF_To_Fasta1
404, 2021-05 ,7766713032.0,transdecoder/5.5.0+galaxy1
405, 2021-05 ,7741092156.0,mothur_remove_groups/1.39.5.0
406, 2021-05 ,7643853756.0,augustus/3.3.3
407, 2021-05 ,7638759648.0,bg_diamond/0.9.29.0
408, 2021-05 ,7634901624.0,CONVERTER_len_to_linecount/CONVERTER_len_to_linecount
409, 2021-05 ,7618232412.0,gffcompare/0.11.2
410, 2021-05 ,7564519620.0,CONVERTER_fasta_to_len/CONVERTER_fasta_to_len
411, 2021-05 ,7547850408.0,histogram_rpy/1.0.4
412, 2021-05 ,7512041880.0,mummer_mummer/4.0.0beta2+galaxy1
413, 2021-05 ,7454470548.0,Extract_features1/Extract_features1
414, 2021-05 ,7446753244.0,qualimap_bamqc/2.2.2d+galaxy1
415, 2021-05 ,7401722100.0,ncbi_tblastn_wrapper/2.10.1+galaxy0
416, 2021-05 ,7371277240.0,deeptools_plot_fingerprint/3.3.2.0.0
417, 2021-05 ,7323893724.0,rseqc_FPKM_count/2.6.4.1
418, 2021-05 ,7248418128.0,bed2gff1/bed2gff1
419, 2021-05 ,7226655324.0,tp_tail_tool/1.1.0
420, 2021-05 ,7226655324.0,regexColumn1/1.0.1
421, 2021-05 ,7213844652.0,EMBOSS: cusp17/5.0.0
422, 2021-05 ,7204892520.0,subtract_query1/0.1
423, 2021-05 ,7199798300.0,metaspades/3.9.0
424, 2021-05 ,7186987540.0,ncbi_blastn_wrapper/0.3.0
425, 2021-05 ,7178036124.0,picard_FastqToSam/2.18.2.1
426, 2021-05 ,7172942080.0,megahit/1.1.3.5
427, 2021-05 ,7165225452.0,bedtools_closestbed/2.30.0
428, 2021-05 ,7120464792.0,mergeCols1/mergeCols1
429, 2021-05 ,7112747712.0,picard_MarkDuplicates/2.7.1.1
430, 2021-05 ,7103795580.0,CONVERTER_bed_to_bgzip_0/CONVERTER_bed_to_bgzip_0
431, 2021-05 ,7084951620.0,maker/2.31.11
432, 2021-05 ,7064128512.0,mimodd_vcf_filter/0.1.9
433, 2021-05 ,7051317840.0,mimodd_map/0.1.9
434, 2021-05 ,7020602904.0,circos_wiggle_to_scatter/0.69.8+galaxy7
435, 2021-05 ,7020602904.0,fastq_combiner/1.1.5
436, 2021-05 ,6968125164.0,vcfselectsamples/1.0.0_rc3+galaxy0
437, 2021-05 ,6836313288.0,annotatemyids/3.7.0+galaxy2
438, 2021-05 ,6822267080.0,bowtie2/2.3.2.2
439, 2021-05 ,6786458356.0,trimmomatic/0.36.5
440, 2021-05 ,6778741956.0,plotdexseq/1.28.1.0
441, 2021-05 ,6765931284.0,mothur_summary_single/1.39.5.2
442, 2021-05 ,6765931284.0,column_order_header_sort/0.0.1
443, 2021-05 ,6717311916.0,egsea/1.10.0
444, 2021-05 ,6704501412.0,EMBOSS: fuzznuc37/5.0.2
445, 2021-05 ,6695549280.0,varscan/0.1
446, 2021-05 ,6681503556.0,liftOver1/liftOver1
447, 2021-05 ,6544598088.0,bedtools_subtractbed/2.30.0
448, 2021-05 ,6540739548.0,cshl_fastx_clipper/1.0.3+galaxy0
449, 2021-05 ,6508789560.0,bioext_bealign/0.19.7.0
450, 2021-05 ,6466498732.0,staramr_search/0.5.1
451, 2021-05 ,6370495600.0,mothur_seq_error/1.39.5.0
452, 2021-05 ,6348732852.0,bcftools_convert_to_vcf/1.10
453, 2021-05 ,6318017916.0,EMBOSS: wordcount109/5.0.0.1
454, 2021-05 ,6246400348.0,ncbi_blastx_wrapper/2.10.1+galaxy0
455, 2021-05 ,6190064580.0,CONVERTER_bed_to_fli_0/CONVERTER_bed_to_fli_0
456, 2021-05 ,6106871752.0,maxquant/1.6.10.43+galaxy3
457, 2021-05 ,6076156968.0,pe_histogram/1.0.1
458, 2021-05 ,6058252516.0,dexseq/1.28.1+galaxy1
459, 2021-05 ,6036489900.0,mothur_merge_files/1.39.5.0
460, 2021-05 ,5978918568.0,get_flanks1/1.0.0
461, 2021-05 ,5978918568.0,bedtools_bedtobam/2.30.0
462, 2021-05 ,5957155764.0,samtools_mpileup/2.1.3
463, 2021-05 ,5882914772.0,tb_profiler_profile/2.8.14+galaxy1
464, 2021-05 ,5843248152.0,EMBOSS: pepstats71/5.0.0
465, 2021-05 ,5737057620.0,pca1/1.0.2
466, 2021-05 ,5734928928.0,megablast_wrapper/1.2.0
467, 2021-05 ,5693532012.0,umi_tools_extract/0.5.5.1
468, 2021-05 ,5653864944.0,prinseq/0.20.4
469, 2021-05 ,5632102140.0,heatmap_1/1.0.0
470, 2021-05 ,5539957332.0,bandage_info/0.8.1+galaxy1
471, 2021-05 ,5491338132.0,cshl_fastx_quality_statistics/1.0.1
472, 2021-05 ,5464481736.0,sam2interval/1.0.2
473, 2021-05 ,5447812524.0,mimodd_varreport/0.1.9
474, 2021-05 ,5435001852.0,mummer_mummerplot/4.0.0beta2+galaxy1
475, 2021-05 ,5429908260.0,Add_a_column1/1.2.0
476, 2021-05 ,5420956128.0,gops_coverage_1/1.0.0
477, 2021-05 ,5399193324.0,CONVERTER_gff_to_fli_0/CONVERTER_gff_to_fli_0
478, 2021-05 ,5359526256.0,rbc_splitfasta/0.4.0
479, 2021-05 ,5341621500.0,bwa_mem/0.7.15.1
480, 2021-05 ,5307048516.0,CONVERTER_bam_to_qname_sorted_bam/CONVERTER_bam_to_qname_sorted_bam
481, 2021-05 ,5293002792.0,poretools_extract/0.6.1a1.0
482, 2021-05 ,5267381448.0,anndata_import/0.7.5+galaxy0
483, 2021-05 ,5262287612.0,flash/1.2.11.4
484, 2021-05 ,5242501308.0,rna_star/2.6.0b-1
485, 2021-05 ,5204716524.0,picard_CollectRnaSeqMetrics/2.18.2.2
486, 2021-05 ,5196999444.0,bedtools_windowbed/2.30.0
487, 2021-05 ,5162425968.0,bedtools_genomecoveragebed/2.29.0
488, 2021-05 ,5153473836.0,cshl_fastx_artifacts_filter/1.0.1+galaxy0
489, 2021-05 ,5122758900.0,dropletutils/1.10.0+galaxy1
490, 2021-05 ,5034472632.0,uniprot/0.2
491, 2021-05 ,5029379040.0,fastq_filter/1.1.1
492, 2021-05 ,5003757696.0,tp_awk_tool/1.1.1
493, 2021-05 ,4950044132.0,bowtie_wrapper/1.2.0
494, 2021-05 ,4929517152.0,newick_display/1.6
495, 2021-05 ,4920565020.0,mothur_make_fastq/1.39.5.0
496, 2021-05 ,4902660756.0,column_remove_by_header/0.0.1
497, 2021-05 ,4898802216.0,bedtools_bamtobed/2.29.2
498, 2021-05 ,4893708624.0,bg_find_subsequences/0.2
499, 2021-05 ,4841230884.0,rseqc_junction_annotation/2.6.4.1
500, 2021-05 ,4819468080.0,bedtools_getfastabed/2.29.0
501, 2021-05 ,4749086076.0,CONVERTER_bed_to_tabix_0/CONVERTER_bed_to_tabix_0
502, 2021-05 ,4709419008.0,CONVERTER_gff_to_interval_index_0/CONVERTER_gff_to_interval_index_0
503, 2021-05 ,4682562268.0,trimmomatic/0.36.6
504, 2021-05 ,4630084872.0,seqtk_subseq/1.3.1
505, 2021-05 ,4617274200.0,biom_convert/2.1.5.3
506, 2021-05 ,4577607132.0,flanking_features_1/4.0.1
507, 2021-05 ,4498272996.0,CONVERTER_fasta_to_2bit/CONVERTER_fasta_to_2bit
508, 2021-05 ,4494414232.0,samtools_slice_bam/2.0
509, 2021-05 ,4472651652.0,tp_uniq_tool/1.1.1
510, 2021-05 ,4415080320.0,trinity_run_de_analysis/2.9.1
511, 2021-05 ,4371554712.0,fastq_paired_end_joiner/2.0.1.0
512, 2021-05 ,4283268444.0,cufflinks/2.2.1.0
513, 2021-05 ,4252553508.0,trinity_abundance_estimates_to_matrix/2.9.1
514, 2021-05 ,4225696660.0,mlst/2.19.0
515, 2021-05 ,4098978828.0,circos_tableviewer/0.69.8+galaxy7
516, 2021-05 ,4086168156.0,gd_new_oscar/1.0.0
517, 2021-05 ,4010692560.0,datamash_transpose/1.1.0
518, 2021-05 ,3985071216.0,multiqc/1.6
519, 2021-05 ,3985071216.0,mothur_pcoa/1.39.5.0
520, 2021-05 ,3967166952.0,progressivemauve/2015_02_13.0
521, 2021-05 ,3958214764.0,bowtie_wrapper/1.1.2
522, 2021-05 ,3927499884.0,circgraph/0.9-RC2
523, 2021-05 ,3905737080.0,seurat/3.2.2+galaxy0
524, 2021-05 ,3887832816.0,bedtools_multicovtbed/2.30.0
525, 2021-05 ,3857117588.0,deeptools_compute_matrix/3.1.2.0.0
526, 2021-05 ,3813592272.0,bedtools_maskfastabed/2.30.0
527, 2021-05 ,3773925204.0,cshl_fastx_nucleotides_distribution/1.0.1
528, 2021-05 ,3764973072.0,CONVERTER_bz2_to_uncompressed/CONVERTER_bz2_to_uncompressed
529, 2021-05 ,3759879032.0,hisat2/2.1.0+galaxy4
530, 2021-05 ,3756020488.0,dada2_learnErrors/1.18+galaxy0
531, 2021-05 ,3747068808.0,picard_MergeBamAlignment/2.18.2.1
532, 2021-05 ,3747068516.0,plant_tribes_assembly_post_processor/1.0.3.0
533, 2021-05 ,3734258136.0,trimmer/trimmer
534, 2021-05 ,3712495332.0,table_annovar/0.1
535, 2021-05 ,3690732528.0,khmer_abundance_distribution_single/3.0.0a3+galaxy1
536, 2021-05 ,3672828264.0,PlasFlow/1.0
537, 2021-05 ,3672828264.0,dada2_seqCounts/1.18+galaxy0
538, 2021-05 ,3654924000.0,CONVERTER_vcf_to_bgzip_0/CONVERTER_vcf_to_bgzip_0
539, 2021-05 ,3651065460.0,ivar_variants/1.3.1+galaxy0
540, 2021-05 ,3633161196.0,vsearch_chimera_detection/1.9.7.0
541, 2021-05 ,3593494128.0,fastq_manipulation/1.1.5
542, 2021-05 ,3580683456.0,jq/1.0
543, 2021-05 ,3571731324.0,velvetg/1.2.10.1
544, 2021-05 ,3562779192.0,mimodd_varcall/0.1.9
545, 2021-05 ,3457823712.0,mothur_unifrac_weighted/1.39.5.0
546, 2021-05 ,3439919336.0,mothur_screen_seqs/1.39.5.0
547, 2021-05 ,3360585312.0,cshl_fasta_formatter/1.0.1
548, 2021-05 ,3347774640.0,kraken-translate/1.3.1
549, 2021-05 ,3347774640.0,tp_split_on_column/0.2
550, 2021-05 ,3320918244.0,jcvi_gff_stats/0.8.4
551, 2021-05 ,3308107572.0,rseqc_mismatch_profile/2.6.4
552, 2021-05 ,3308107572.0,EMBOSS: cpgplot15/5.0.0
553, 2021-05 ,3268440504.0,ruvseq/1.16.0+galaxy1
554, 2021-05 ,3246677700.0,fastq_dump/2.10.8+galaxy0
555, 2021-05 ,3207010532.0,rnaspades/3.9.0.2
556, 2021-05 ,3176295696.0,EMBOSS: dotmatcher24/5.0.0.1
557, 2021-05 ,3171202104.0,macs2_bdgbroadcall/2.1.1.20160309.0
558, 2021-05 ,3145580760.0,samtools_view/1.9+galaxy1
559, 2021-05 ,3136628628.0,macs2_bdgcmp/2.1.1.20160309.0
560, 2021-05 ,3123817956.0,fasta_concatenate0/0.0.1
561, 2021-05 ,3053435952.0,CONVERTER_interval_to_bigwig_0/CONVERTER_interval_to_bigwig_0
562, 2021-05 ,3053435952.0,EMBOSS: primersearch81/5.0.0.1
563, 2021-05 ,3044483820.0,CONVERTER_sam_to_bigwig_0/CONVERTER_sam_to_bigwig_0
564, 2021-05 ,3033397436.0,rna_starsolo/2.7.8a
565, 2021-05 ,3004816752.0,fastq_to_fasta_python/1.1.1
566, 2021-05 ,2983053948.0,mothur_pcr_seqs/1.39.5.0
567, 2021-05 ,2983053948.0,scanpy_normalize/1.7.1+galaxy0
568, 2021-05 ,2983053948.0,vcfbedintersect/1.0.0_rc3+galaxy0
569, 2021-05 ,2974101816.0,query_tabular/3.1.2
570, 2021-05 ,2965149684.0,fasplit/357
571, 2021-05 ,2956197552.0,sickle/1.33.2
572, 2021-05 ,2894767680.0,dada2_makeSequenceTable/1.18+galaxy0
573, 2021-05 ,2890909140.0,snap_training/2013_11_29+galaxy1
574, 2021-05 ,2890909140.0,Summary_Statistics1/Summary_Statistics1
575, 2021-05 ,2860194204.0,goslimmer/1.0.1
576, 2021-05 ,2851242072.0,bedtools_clusterbed/2.30.0
577, 2021-05 ,2802622872.0,bcftools_merge/1.10
578, 2021-05 ,2802622872.0,dada2_plotQualityProfile/1.18+galaxy0
579, 2021-05 ,2789812200.0,picard_CollectWgsMetrics/2.18.2.1
580, 2021-05 ,2775766476.0,rseqc_tin/2.6.4.1
581, 2021-05 ,2775766476.0,length_and_gc_content/0.1.1
582, 2021-05 ,2768049396.0,bedtools_subtractbed/2.29.2
583, 2021-05 ,2759097264.0,vcfgenotypes/1.0.0_rc3+galaxy0
584, 2021-05 ,2732240868.0,EMBOSS: extractseq35/5.0.0
585, 2021-05 ,2688715260.0,CONVERTER_vcf_to_tabix_0/CONVERTER_vcf_to_tabix_0
586, 2021-05 ,2640096060.0,trinotate/3.2.1
587, 2021-05 ,2636237520.0,mothur_clearcut/1.39.5.0
588, 2021-05 ,2636237520.0,scikit_bio_diversity_beta_diversity/0.4.2.0
589, 2021-05 ,2627285388.0,bcftools_stats/1.10
590, 2021-05 ,2627285388.0,gmx_setup/2020.2+galaxy0
591, 2021-05 ,2587618320.0,jbrowse/1.16.8+galaxy0
592, 2021-05 ,2565855516.0,picard_DownsampleSam/2.18.2.1
593, 2021-05 ,2556903384.0,EMBOSS: newcpgreport57/5.0.0.1
594, 2021-05 ,2547951172.0,dada2_assignTaxonomyAddspecies/1.18+galaxy0
595, 2021-05 ,2526188448.0,medaka_variant/1.0.3+galaxy3
596, 2021-05 ,2495473512.0,bedtools_slopbed/2.30.0
597, 2021-05 ,2468617116.0,kraken_taxonomy_report/0.0.2
598, 2021-05 ,2464758576.0,bcftools_isec/1.10
599, 2021-05 ,2434043640.0,kc-align/1.0.2
600, 2021-05 ,2416139376.0,exomedepth/1.1.0
601, 2021-05 ,2394376572.0,mimodd_varextract/0.1.9
602, 2021-05 ,2385424440.0,vcfsort/1.0.0_rc3+galaxy0
603, 2021-05 ,2372613768.0,Interval2Maf1/Interval2Maf1
604, 2021-05 ,2372613768.0,mothur_phylotype/1.39.5.0
605, 2021-05 ,2363661636.0,cuffcompare/2.2.1.2
606, 2021-05 ,2363661636.0,gd_pca/1.0.0
607, 2021-05 ,2354709504.0,macs2_randsample/2.1.1.20160309.1
608, 2021-05 ,2315042180.0,medaka_consensus/1.0.3+galaxy2
609, 2021-05 ,2306090304.0,dada2_plotComplexity/1.18+galaxy0
610, 2021-05 ,2302231764.0,htseq_count/0.6.1galaxy1
611, 2021-05 ,2297138172.0,gfa_to_fa/0.1.2
612, 2021-05 ,2293279632.0,ebi_search_rest_results/0.1.1
613, 2021-05 ,2282030076.0,rna_star/2.7.5b
614, 2021-05 ,2266423236.0,deeptools_plot_enrichment/3.3.2.0.0
615, 2021-05 ,2262564696.0,bamtools_split/2.4.0
616, 2021-05 ,2262564696.0,genrich/0.5+galaxy2
617, 2021-05 ,2253612564.0,mothur_unifrac_unweighted/1.39.5.0
618, 2021-05 ,2231849760.0,sequence_content_trimmer/0.1
619, 2021-05 ,2231849760.0,filtlong/0.2.0
620, 2021-05 ,2213945232.0,bg_diamond_makedb/0.9.29
621, 2021-05 ,2204993364.0,createInterval/createInterval
622, 2021-05 ,2201134824.0,bedtools_flankbed/2.30.0
623, 2021-05 ,2152515624.0,pizzly/0.37.3.1
624, 2021-05 ,2139704952.0,masigpro/1.49.3.1+galaxy1
625, 2021-05 ,2139704952.0,ebi_metagenomics_run_downloader/0.1.0
626, 2021-05 ,2139704952.0,fastq_dump/2.10.4+galaxy1
627, 2021-05 ,2130752820.0,dropletutils/1.2.1+2
628, 2021-05 ,2130752764.0,mothur_make_contigs/1.39.5.0
629, 2021-05 ,2112848556.0,cuffquant/2.2.1.1
630, 2021-05 ,2100037884.0,rseqc_bam2wig/2.6.4
631, 2021-05 ,2100037884.0,bedtools_makewindowsbed/2.30.0
632, 2021-05 ,2100037656.0,prokka/1.12.0
633, 2021-05 ,2082133444.0,shovill/1.0.4+galaxy1
634, 2021-05 ,2060370816.0,mothur_summary_single/1.39.5.0
635, 2021-05 ,2051418412.0,featurecounts/1.6.3+galaxy2
636, 2021-05 ,2029655880.0,random_lines1/random_lines1
637, 2021-05 ,2029655640.0,plant_tribes_kaks_analysis/1.0.3.0
638, 2021-05 ,2007893020.0,mothur_chimera_vsearch/1.39.5.1
639, 2021-05 ,1998940944.0,idr/2.0.3
640, 2021-05 ,1989988812.0,vcftools_annotate/0.1
641, 2021-05 ,1989988552.0,freebayes/1.1.0.46-0
642, 2021-05 ,1981036680.0,snippy_core/4.5.0
643, 2021-05 ,1977178140.0,tp_easyjoin_tool/1.0.0
644, 2021-05 ,1968226008.0,gene2exon1/gene2exon1
645, 2021-05 ,1968226008.0,macs2_bdgdiff/2.1.1.20160309.1
646, 2021-05 ,1968225896.0,sina/1.7.2+galaxy0
647, 2021-05 ,1937511072.0,collection_element_identifiers/0.0.2
648, 2021-05 ,1937511072.0,bedtools_reldistbed/2.30.0
649, 2021-05 ,1928558940.0,cd_hit_dup/0.0.1
650, 2021-05 ,1906796136.0,mothur_merge_groups/1.39.5.0
651, 2021-05 ,1879939608.0,minimap2/2.17+galaxy2
652, 2021-05 ,1876081200.0,CONVERTER_interval_to_bgzip_0/CONVERTER_interval_to_bgzip_0
653, 2021-05 ,1876081200.0,snpSift_vcfCheck/4.3+t.galaxy0
654, 2021-05 ,1862035476.0,mummer_delta_filter/4.0.0beta2+galaxy1
655, 2021-05 ,1836414132.0,EMBOSS: dottup26/5.0.0.1
656, 2021-05 ,1818509868.0,rseqc_read_quality/2.6.4
657, 2021-05 ,1809557736.0,__IMPORT_HISTORY__/__IMPORT_HISTORY__
658, 2021-05 ,1796747064.0,__EXPORT_HISTORY_TO_URI__/__EXPORT_HISTORY_TO_URI__
659, 2021-05 ,1778842656.0,scanpy_remove_confounders/1.7.1+galaxy0
660, 2021-05 ,1774984260.0,lofreq_alnqual/2.1.5+galaxy0
661, 2021-05 ,1774984260.0,crossmap_bed/0.3.7+galaxy1
662, 2021-05 ,1766032128.0,microsatellite/1.0.0
663, 2021-05 ,1766032128.0,vsearch_chimera_detection/2.8.3.0
664, 2021-05 ,1735317192.0,tabular_to_fastq/1.1.5
665, 2021-05 ,1726365060.0,bedtools_overlapbed/2.30.0
666, 2021-05 ,1726365060.0,mothur_make_lefse/1.39.5.0
667, 2021-05 ,1704602256.0,kraken-mpa-report/1.2.4
668, 2021-05 ,1704602256.0,ococo/0.1.2.6
669, 2021-05 ,1695650124.0,gmx_solvate/2020.2+galaxy0
670, 2021-05 ,1673887320.0,predict_pipeline/1.0
671, 2021-05 ,1673887320.0,vcffixup/1.0.0_rc3+galaxy0
672, 2021-05 ,1673887320.0,trinity_super_transcripts/2.9.1
673, 2021-05 ,1673887320.0,trinity_filter_low_expr_transcripts/2.9.1
674, 2021-05 ,1572790380.0,generate_matrix_for_pca_and_lda1/1.0.0
675, 2021-05 ,1572790380.0,umi_tools_count/0.5.5.1
676, 2021-05 ,1542075444.0,biom_add_metadata/2.1.5.1
677, 2021-05 ,1542075444.0,snpSift_filter/4.3+t.galaxy0
678, 2021-05 ,1542075444.0,bamSplit/2.4.0
679, 2021-05 ,1542075432.0,sklearn_numeric_clustering/1.0.8.2
680, 2021-05 ,1533123156.0,pipelign/0.2+galaxy0
681, 2021-05 ,1524171180.0,macs2_filterdup/2.1.1.20160309.1
682, 2021-05 ,1511360508.0,bedtools_mergebed/2.29.2
683, 2021-05 ,1511360508.0,circos_gc_skew/0.69.8+galaxy7
684, 2021-05 ,1511360508.0,seqtk_comp/1.3.1
685, 2021-05 ,1502408376.0,bedtools_slopbed/2.29.0
686, 2021-05 ,1502408376.0,EMBOSS: etandem33/5.0.0.1
687, 2021-05 ,1480645572.0,cummeRbund/2.16.0+galaxy1
688, 2021-05 ,1471693440.0,samtools_fixmate/1.9
689, 2021-05 ,1471693440.0,mothur_summary_tax/1.39.5.0
690, 2021-05 ,1462741308.0,CONVERTER_wig_to_bigwig/CONVERTER_wig_to_bigwig
691, 2021-05 ,1449930636.0,sklearn_svm_classifier/1.0.8.2
692, 2021-05 ,1449930636.0,vegan_rarefaction/2.4-3
693, 2021-05 ,1440978504.0,mothur_heatmap_bin/1.39.5.0
694, 2021-05 ,1440978504.0,hgv_linkToGProfile/hgv_linkToGProfile
695, 2021-05 ,1440978504.0,EMBOSS: equicktandem31/5.0.0.1
696, 2021-05 ,1440978504.0,mothur_remove_seqs/1.36.1.0
697, 2021-05 ,1440978504.0,deeptools_plot_heatmap/3.3.0.0.1
698, 2021-05 ,1440978460.0,rnaspades/3.9.0.1
699, 2021-05 ,1410263568.0,samtools_slice_bam/0.0.1
700, 2021-05 ,1401311436.0,picard_MergeSamFiles/1.126.0
701, 2021-05 ,1379548632.0,bedtools_annotatebed/2.30.0
702, 2021-05 ,1379548632.0,gff_filter_by_feature_count/gff_filter_by_feature_count
703, 2021-05 ,1374455040.0,rseqc_junction_saturation/2.6.4.1
704, 2021-05 ,1374455040.0,picard_ReorderSam/2.18.2.1
705, 2021-05 ,1370596500.0,bedtools_unionbedgraph/2.30.0
706, 2021-05 ,1370596388.0,tophat2/2.1.0
707, 2021-05 ,1361644368.0,EMBOSS: compseq14/5.0.0.1
708, 2021-05 ,1348833696.0,hyphy_annotate/2.5.31
709, 2021-05 ,1348833696.0,bwa/0.4.2
710, 2021-05 ,1348833696.0,snp_mapping_using_wgs/1.0.0
711, 2021-05 ,1330929432.0,meme_fimo/5.0.5.0
712, 2021-05 ,1320742248.0,cshl_fastx_trimmer/1.0.1
713, 2021-05 ,1318118760.0,hgv_funDo/1.0.0
714, 2021-05 ,1309166628.0,ggplot2_violin/2.2.1+galaxy0
715, 2021-05 ,1309166568.0,trinity_align_and_estimate_abundance/2.9.1
716, 2021-05 ,1300214496.0,export2graphlan/0.20+galaxy0
717, 2021-05 ,1282310232.0,multiqc/1.7
718, 2021-05 ,1278451692.0,crossmap_bam/0.3.7+galaxy1
719, 2021-05 ,1278451692.0,get_pdb/0.1.0
720, 2021-05 ,1278451692.0,cshl_fastx_renamer/0.0.14+galaxy1
721, 2021-05 ,1269499560.0,dada2_removeBimeraDenovo/1.18+galaxy0
722, 2021-05 ,1269499560.0,vcfgeno2haplo/1.0.0_rc3+galaxy0
723, 2021-05 ,1268264508.0,cshl_fastq_quality_filter/1.0.1
724, 2021-05 ,1260547288.0,maxbin2/2.2.7+galaxy2
725, 2021-05 ,1247736756.0,snpSift_int/4.3+t.galaxy0
726, 2021-05 ,1247736756.0,bedtools_jaccard/2.30.0
727, 2021-05 ,1247736756.0,bedtools_coveragebed/2.30.0
728, 2021-05 ,1238784624.0,EMBOSS: degapseq20/5.0.0
729, 2021-05 ,1229832492.0,count_gff_features/0.2
730, 2021-05 ,1217021820.0,heinz_visualization/0.1.1
731, 2021-05 ,1217021820.0,bwa_mem/0.4.2
732, 2021-05 ,1217021820.0,collapse_dataset/4.0
733, 2021-05 ,1208069688.0,gff_filter_by_attribute/gff_filter_by_attribute
734, 2021-05 ,1186306884.0,snpSift_dbnsfp/4.3.0
735, 2021-05 ,1186306884.0,trim_reads/1.0.0
736, 2021-05 ,1186306884.0,EMBOSS: extractfeat34/5.0.0.1
737, 2021-05 ,1186306884.0,samtools_idxstats/2.0
738, 2021-05 ,1177354752.0,tp_unfold_column_tool/1.1.1
739, 2021-05 ,1177354752.0,basil/1.2.0
740, 2021-05 ,1168402620.0,EMBOSS: plotcon75/5.0.0.1
741, 2021-05 ,1146639816.0,crossmap_gff/0.3.7+galaxy1
742, 2021-05 ,1146639816.0,msstats/3.22.0.0
743, 2021-05 ,1137687684.0,mummer_show_coords/4.0.0beta2+galaxy1
744, 2021-05 ,1119783420.0,pileup_interval/1.0.3
745, 2021-05 ,1115924880.0,vcf_to_maf_customtrack1/vcf_to_maf_customtrack1
746, 2021-05 ,1115924880.0,kraken-filter/1.3.1
747, 2021-05 ,1115924880.0,cshl_fasta_nucleotides_changer/1.0.2
748, 2021-05 ,1089068280.0,plant_tribes_gene_family_classifier/1.0.3.0
749, 2021-05 ,1085209944.0,bedtools_fisher/2.29.0
750, 2021-05 ,1085209944.0,ncbi_blastdbcmd_wrapper/2.10.1+galaxy0
751, 2021-05 ,1085209944.0,gops_complement_1/1.0.0
752, 2021-05 ,1085209944.0,hyphy_slac/2.5.31+galaxy1
753, 2021-05 ,1085209944.0,rseqc_geneBody_coverage/2.6.4.2
754, 2021-05 ,1085209944.0,hgv_sift/hgv_sift
755, 2021-05 ,1085209944.0,rseqc_infer_experiment/2.6.4
756, 2021-05 ,1085209944.0,rseqc_inner_distance/2.6.4.1
757, 2021-05 ,1076257812.0,mimodd_sort/0.1.9
758, 2021-05 ,1067305680.0,crossmap_wig/0.3.7+galaxy1
759, 2021-05 ,1054495008.0,EMBOSS: dottup26/5.0.0
760, 2021-05 ,1054495008.0,cutadapt/1.16.5
761, 2021-05 ,1045542876.0,vsearch_dereplication/2.8.3.0
762, 2021-05 ,1045542876.0,jbrowse_to_standalone/1.16.11+galaxy0
763, 2021-05 ,1045542876.0,mothur_lefse/1.39.5.0
764, 2021-05 ,1014827940.0,pygenomeTracks/3.5
765, 2021-05 ,1014827940.0,multiqc/1.9
766, 2021-05 ,1014827940.0,CONVERTER_Bam_Bai_0/CONVERTER_Bam_Bai_0
767, 2021-05 ,1014827940.0,CONVERTER_biom2_to_biom1/CONVERTER_biom2_to_biom1
768, 2021-05 ,1014827864.0,cuffnorm/2.2.1.3
769, 2021-05 ,1005875764.0,hyphy_meme/2.5.31+galaxy2
770, 2021-05 ,984113004.0,blastxml_to_tabular/2.10.1+galaxy0
771, 2021-05 ,984113004.0,picard_MarkDuplicates/2.18.2.1
772, 2021-05 ,984112892.0,bowtie2/2.2.6.2
773, 2021-05 ,984112868.0,featurecounts/1.6.2
774, 2021-05 ,975160872.0,cshl_fastx_renamer/0.0.11
775, 2021-05 ,975160872.0,Sff_extractor/Sff_extractor
776, 2021-05 ,966208740.0,gffcompare_to_bed/0.2.1
777, 2021-05 ,953398068.0,picard_EstimateLibraryComplexity/2.18.2.1
778, 2021-05 ,953398068.0,bedtools_bedtoigv/2.30.0
779, 2021-05 ,953398068.0,hyphy_cfel/2.5.31+galaxy1
780, 2021-05 ,953398068.0,deseq2/2.1.8.3
781, 2021-05 ,953398068.0,align_families/2.15
782, 2021-05 ,953398068.0,melt/1.4.2
783, 2021-05 ,953398068.0,gprofiler_snpense/0.1.7+galaxy11
784, 2021-05 ,953398068.0,vcftools_slice/0.1
785, 2021-05 ,953398048.0,unicycler/0.4.6.0
786, 2021-05 ,944445936.0,bacteria_tradis/1.4.5+galaxy2
787, 2021-05 ,944445936.0,seqtk_seq/1.3.3
788, 2021-05 ,926541672.0,bedtools_groupbybed/2.30.0
789, 2021-05 ,922683132.0,bcftools_plugin_fill_tags/1.10
790, 2021-05 ,922683132.0,mimodd_convert/0.1.9
791, 2021-05 ,922683132.0,CONVERTER_interval_to_tabix_0/CONVERTER_interval_to_tabix_0
792, 2021-05 ,922683132.0,ivar_removereads/1.3.1+galaxy0
793, 2021-05 ,922683132.0,tb_variant_filter/0.1.3+galaxy0
794, 2021-05 ,922683132.0,modENCODEfly/modENCODEfly
795, 2021-05 ,922683132.0,sklearn_train_test_split/1.0.8.2
796, 2021-05 ,922683132.0,bedtools_multiintersectbed/2.29.2
797, 2021-05 ,913731000.0,samtool_filter2/1.8
798, 2021-05 ,913731000.0,bwa_wrapper/1.2.3
799, 2021-05 ,913731000.0,tp_tac/1.1.0
800, 2021-05 ,883016064.0,gops_cluster_1/1.0.0
801, 2021-05 ,883016064.0,sam_bw_filter/1.0.0
802, 2021-05 ,883016064.0,vcfannotategenotypes/1.0.0_rc3+galaxy0
803, 2021-05 ,883016064.0,mothur_parsimony/1.39.5.0
804, 2021-05 ,883016064.0,edger/3.20.7.2
805, 2021-05 ,883015980.0,quast/4.6.3
806, 2021-05 ,874063932.0,gops_basecoverage_1/1.0.0
807, 2021-05 ,852301128.0,tn93_cluster/1.0.6
808, 2021-05 ,852301128.0,samtools_idxstats/2.0.1
809, 2021-05 ,852301128.0,fasta_filter_by_length/1.1
810, 2021-05 ,852301128.0,medaka_consensus_pipeline/1.0.3+galaxy2
811, 2021-05 ,852301116.0,fasterq_dump/2.10.8+galaxy0
812, 2021-05 ,843348996.0,ctb_online_data_fetch/0.2
813, 2021-05 ,843348996.0,EMBOSS: wordmatch110/5.0.0.1
814, 2021-05 ,834396864.0,circos_bundlelinks/0.69.8+galaxy7
815, 2021-05 ,821586192.0,vcffilter2/1.0.0_rc1+galaxy1
816, 2021-05 ,821586192.0,circos_aln_to_links/0.69.8+galaxy7
817, 2021-05 ,821586192.0,EMBOSS: diffseq22/5.0.0.1
818, 2021-05 ,821586192.0,rna_star/2.7.2b
819, 2021-05 ,821586192.0,cor2/1.0.0
820, 2021-05 ,812634060.0,picard_CollectHsMetrics/2.18.2
821, 2021-05 ,791540368.0,trinity/2.9.1
822, 2021-05 ,790871256.0,mothur_merge_count/1.39.5.0
823, 2021-05 ,790871256.0,mothur_rarefaction_shared/1.39.5.0
824, 2021-05 ,790871256.0,vegan_fisher_alpha/2.4-3
825, 2021-05 ,790871256.0,bedtools_sortbed/2.29.2
826, 2021-05 ,790871256.0,rseqc_read_duplication/2.6.4
827, 2021-05 ,790871256.0,gd_cluster_kegg/1.0.0
828, 2021-05 ,790871256.0,tabular_to_dbnsfp/tabular_to_dbnsfp
829, 2021-05 ,790871256.0,MAF_To_BED1/MAF_To_BED1
830, 2021-05 ,790871256.0,jbrowse/1.16.8+galaxy1
831, 2021-05 ,790871256.0,CONVERTER_interval_to_bed6_0/CONVERTER_interval_to_bed6_0
832, 2021-05 ,790871256.0,mimodd_info/0.1.9
833, 2021-05 ,790871256.0,t_test_two_samples/1.0.1
834, 2021-05 ,790871256.0,keras_model_builder/0.5.0
835, 2021-05 ,781919124.0,bedtools_spacingbed/2.30.0
836, 2021-05 ,781919084.0,quast/5.0.2+galaxy0
837, 2021-05 ,772966992.0,gff_to_prot/3.0.2+galaxy0
838, 2021-05 ,772966756.0,salmon/0.14.1.2+galaxy1
839, 2021-05 ,764014860.0,fastq_combiner/1.0.1
840, 2021-05 ,751204188.0,keras_model_config/0.5.0
841, 2021-05 ,751204188.0,ncbi_blastdbcmd_info/2.10.1+galaxy0
842, 2021-05 ,751204188.0,maker_map_ids/2.31.11
843, 2021-05 ,751204096.0,rapidnj/2.3.2
844, 2021-05 ,742252056.0,EMBOSS: einverted28/5.0.0.1
845, 2021-05 ,720489252.0,picard_BedToIntervalList/2.18.2.1
846, 2021-05 ,720489252.0,fasta_nucleotide_color_plot/1.0.1
847, 2021-05 ,720489252.0,gffread/0.11.6.0
848, 2021-05 ,720489252.0,crosscontamination_barcode_filter/0.3
849, 2021-05 ,720489092.0,prokka/1.13
850, 2021-05 ,711537120.0,fastqc/0.64
851, 2021-05 ,711537120.0,bcftools_view/0.0.1
852, 2021-05 ,689774316.0,circos_binlinks/0.69.8+galaxy7
853, 2021-05 ,689774316.0,vcf2pgSnp/1.0.0
854, 2021-05 ,689774316.0,snippy_clean_full_aln/4.5.0
855, 2021-05 ,689774316.0,seqtk_trimfq/1.3.1
856, 2021-05 ,689774316.0,snpSift_geneSets/4.3.0
857, 2021-05 ,689774316.0,hyphy_strike_ambigs/2.5.31
858, 2021-05 ,689774316.0,tp_sort_rows/1.1.0
859, 2021-05 ,689774316.0,vcfflatten2/1.0.0_rc3+galaxy0
860, 2021-05 ,689774316.0,bandage_image/0.8.1+galaxy2
861, 2021-05 ,689774260.0,prokka/1.14.5
862, 2021-05 ,689774204.0,cutadapt/1.16.3
863, 2021-05 ,680822184.0,tp_cut_tool/1.0.0
864, 2021-05 ,680822184.0,cuffdiff/2.2.1.3
865, 2021-05 ,659059380.0,EMBOSS: palindrome65/5.0.0.1
866, 2021-05 ,659059380.0,macs2_refinepeak/2.1.1.20160309.1
867, 2021-05 ,659059380.0,fastqc/0.52
868, 2021-05 ,659059380.0,circos_interval_to_text/0.69.8+galaxy7
869, 2021-05 ,659059380.0,picard_MarkDuplicates/1.126.0
870, 2021-05 ,659059380.0,plotly_ml_performance_plots/0.2
871, 2021-05 ,659059380.0,cutadapt/1.16.1
872, 2021-05 ,659059380.0,circos_resample/0.69.8+galaxy7
873, 2021-05 ,659059380.0,jbrowse/1.16.9+galaxy0
874, 2021-05 ,659059268.0,cuffmerge/2.2.1.1
875, 2021-05 ,650107248.0,vsearch_search/2.8.3.1
876, 2021-05 ,650107248.0,EMBOSS: pepwheel72/5.0.0.1
877, 2021-05 ,650107248.0,gtf_filter_by_attribute_values_list/gtf_filter_by_attribute_values_list
878, 2021-05 ,650107228.0,ivar_trim/1.3.1+galaxy0
879, 2021-05 ,650107096.0,deeptools_compute_matrix/3.3.0.0.0
880, 2021-05 ,619392312.0,mothur_biom_info/1.39.5.0
881, 2021-05 ,619392312.0,picard_CASM/2.18.2.1
882, 2021-05 ,619392312.0,picard_FilterSamReads/2.18.2.1
883, 2021-05 ,619392312.0,build_ucsc_custom_track_1/1.0.0
884, 2021-05 ,619392288.0,bowtie2/2.3.4.2
885, 2021-05 ,610440180.0,vcfprimers/1.0.0_rc3+galaxy0
886, 2021-05 ,610440180.0,fastq_groomer/1.0.4
887, 2021-05 ,588677376.0,bedtools_complementbed/2.30.0
888, 2021-05 ,588677376.0,EMBOSS: newcpgseek58/5.0.0.1
889, 2021-05 ,588677376.0,poretools_hist/0.6.1a1.1
890, 2021-05 ,588677376.0,EMBOSS: iep45/5.0.0.1
891, 2021-05 ,588677376.0,bcftools_plugin_counts/1.4.0
892, 2021-05 ,588677376.0,vsearch_sorting/2.8.3.0
893, 2021-05 ,588677376.0,cuffmerge/2.2.1.0
894, 2021-05 ,588677376.0,mlst_list/2.19.0
895, 2021-05 ,588677376.0,busco/4.1.4
896, 2021-05 ,588677356.0,migmap/1.0.3+galaxy1
897, 2021-05 ,588677300.0,disco/1.2.0
898, 2021-05 ,557962440.0,feelnc/0.2
899, 2021-05 ,557962440.0,tbvcfreport/0.1.7+galaxy0
900, 2021-05 ,557962440.0,snpEff_databases/4.3+T.galaxy1
901, 2021-05 ,557962440.0,tp_grep_tool/1.1.0
902, 2021-05 ,557962440.0,Interval_Maf_Merged_Fasta2/Interval_Maf_Merged_Fasta2
903, 2021-05 ,557962440.0,hetbox/1.0
904, 2021-05 ,557962440.0,circos_interval_to_tile/0.69.8+galaxy7
905, 2021-05 ,557962440.0,unipept/4.3.0
906, 2021-05 ,557962440.0,repmatch_gff3/1.0.3
907, 2021-05 ,557962440.0,plotly_regression_performance_plots/0.1
908, 2021-05 ,557962440.0,crossmap_vcf/0.3.7+galaxy1
909, 2021-05 ,557962440.0,bamleftalign/1.1.0.46-0
910, 2021-05 ,557962364.0,fargene/0.1+galaxy1
911, 2021-05 ,549010308.0,deseq2/2.11.40.6
912, 2021-05 ,549010308.0,bedtools_coveragebed/2.29.2
913, 2021-05 ,527247504.0,hyphy_conv/2.5.31+galaxy1
914, 2021-05 ,527247504.0,CONVERTER_bcf_to_bcf_uncompressed/CONVERTER_bcf_to_bcf_uncompressed
915, 2021-05 ,527247504.0,bedtools_randombed/2.30.0
916, 2021-05 ,527247504.0,bedtools_bedtoigv/2.29.2
917, 2021-05 ,527247504.0,bedtools_windowbed/2.29.0
918, 2021-05 ,527247504.0,plotly_parallel_coordinates_plot/0.2
919, 2021-05 ,527247504.0,allele_counts_1/1.2
920, 2021-05 ,527247504.0,mothur_make_biom/1.36.1.0
921, 2021-05 ,527247504.0,bcftools_roh/1.10
922, 2021-05 ,527247504.0,vcfaddinfo/1.0.0_rc3+galaxy0
923, 2021-05 ,527247504.0,sklearn_stacking_ensemble_models/1.0.8.2
924, 2021-05 ,527247504.0,picard_QualityScoreDistribution/2.18.2.1
925, 2021-05 ,527247504.0,mothur_nmds/1.39.5.0
926, 2021-05 ,527247504.0,mothur_classify_tree/1.39.5.0
927, 2021-05 ,527247504.0,sklearn_nn_classifier/1.0.8.2
928, 2021-05 ,518295372.0,ivar_filtervariants/1.3.1+galaxy0
929, 2021-05 ,518295372.0,vsearch_clustering/2.8.3.0
930, 2021-05 ,509343148.0,sklearn_ensemble/1.0.8.2
931, 2021-05 ,493411936.0,rna_star/2.7.7a
932, 2021-05 ,487580436.0,EMBOSS: water107/5.0.0.1
933, 2021-05 ,487580436.0,cloudmap_variant_discovery_mapping/1.0.0
934, 2021-05 ,487580436.0,samtools_flagstat/2.0.1
935, 2021-05 ,487580436.0,sra_pileup/2.10.3
936, 2021-05 ,487580436.0,freebayes/0.4
937, 2021-05 ,487580436.0,ml_visualization_ex/1.0.8.2
938, 2021-05 ,487580436.0,duplex/0.3
939, 2021-05 ,487580436.0,rseqc_read_GC/2.6.4
940, 2021-05 ,487580384.0,exonerate/2.4.0+galaxy2
941, 2021-05 ,487580340.0,seqtk_mergefa/1.3.1
942, 2021-05 ,478628204.0,hyphy_gard/2.5.31+galaxy1
943, 2021-05 ,456865500.0,mimodd_header/0.1.9
944, 2021-05 ,456865500.0,picard_MarkDuplicatesWithMateCigar/2.18.2.1
945, 2021-05 ,456865500.0,circos_wiggle_to_stacked/0.69.8+galaxy7
946, 2021-05 ,456865500.0,busco/4.1.2
947, 2021-05 ,456865480.0,socru/2.1.7
948, 2021-05 ,426150564.0,phylorelatives/0.0.1
949, 2021-05 ,426150564.0,hyphy_fade/2.5.31+galaxy1
950, 2021-05 ,426150564.0,sklearn_generalized_linear/1.0.8.2
951, 2021-05 ,426150564.0,poretools_stats/0.6.1a1.0
952, 2021-05 ,426150564.0,poretools_tabular/0.6.1a1.0
953, 2021-05 ,426150564.0,hyphy_busted/2.5.31+galaxy1
954, 2021-05 ,426150564.0,vcfcheck/1.0.0_rc3+galaxy0
955, 2021-05 ,426150564.0,gff3.rebase/1.2
956, 2021-05 ,426150564.0,vcffilter2/1.0.0_rc1+galaxy2
957, 2021-05 ,426150564.0,bedtools_shufflebed/2.30.0
958, 2021-05 ,426150564.0,CONVERTER_fasta_to_bowtie_base_index/CONVERTER_fasta_to_bowtie_base_index
959, 2021-05 ,426150544.0,kobas_annotate/2.1.1
960, 2021-05 ,417198432.0,bg_diamond_view/0.9.29
961, 2021-05 ,417198408.0,bwameth/0.2.2
962, 2021-05 ,395435628.0,sklearn_train_test_eval/1.0.8.2
963, 2021-05 ,395435628.0,samtools_flagstat/1.0.0
964, 2021-05 ,395435628.0,tn93_filter/1.0.6
965, 2021-05 ,395435628.0,hyphy_prime/2.5.31+galaxy1
966, 2021-05 ,395435628.0,bamtools/0.0.2
967, 2021-05 ,395435628.0,Interval2Maf1/1.0.1+galaxy0
968, 2021-05 ,395435628.0,edger/3.24.1
969, 2021-05 ,395435628.0,bedtools_multicovtbed/2.27.0.0
970, 2021-05 ,395435628.0,featureCoverage1/2.0.0
971, 2021-05 ,395435628.0,sklearn_data_preprocess/1.0.8.2
972, 2021-05 ,395435628.0,bedtools_closestbed/2.29.0
973, 2021-05 ,395435628.0,abricate_list/1.0.1
974, 2021-05 ,395435628.0,plant_tribes_gene_family_integrator/1.0.3.0
975, 2021-05 ,395435628.0,EMBOSS: shuffleseq87/5.0.0.1
976, 2021-05 ,395435628.0,Add_a_column1/1.1.0
977, 2021-05 ,395435628.0,mimodd_delcall/0.1.9
978, 2021-05 ,395435628.0,deeptools_plot_heatmap/2.5.0.0
979, 2021-05 ,395435628.0,kpca1/1.0.0
980, 2021-05 ,395435628.0,bwa_mem/0.7.12.1
981, 2021-05 ,395435628.0,bowtie2/2.3.4.3
982, 2021-05 ,395435628.0,mothur_pca/1.39.5.0
983, 2021-05 ,395435572.0,bwa/0.7.12.1
984, 2021-05 ,386483496.0,ggplot2_histogram/2.2.1+galaxy0
985, 2021-05 ,386483496.0,bcftools_cnv/1.10
986, 2021-05 ,355768560.0,naive_variant_caller/0.0.2
987, 2021-05 ,355768560.0,trinity_contig_exn50_statistic/2.9.1
988, 2021-05 ,355768560.0,gmx_editconf/2020.2+galaxy0
989, 2021-05 ,355768560.0,vcfdistance/1.0.0_rc3+galaxy0
990, 2021-05 ,355768560.0,lda_analy1/1.0.1
991, 2021-05 ,355768540.0,plant_tribes_gene_family_aligner/1.0.3.0
992, 2021-05 ,355768520.0,plant_tribes_gene_family_phylogeny_builder/1.0.3.1
993, 2021-05 ,355768500.0,bowtie2/2.3.4.1
994, 2021-05 ,355768500.0,salmon/0.14.1.2
995, 2021-05 ,346816428.0,deeptools_plot_profile/3.1.2.0.0
996, 2021-05 ,325053624.0,samtools_sort/2.0
997, 2021-05 ,325053624.0,mimodd_reheader/0.1.9
998, 2021-05 ,325053624.0,bedtools_bed12tobed6/2.30.0
999, 2021-05 ,325053624.0,peakcalling_sicer/1.1
1000, 2021-05 ,325053624.0,CONVERTER_sam_to_unsorted_bam/CONVERTER_sam_to_unsorted_bam
1001, 2021-05 ,325053624.0,heinz_bum/1.0
1002, 2021-05 ,325053624.0,modENCODEworm/modENCODEworm
1003, 2021-05 ,325053544.0,sklearn_build_pipeline/1.0.8.2
1004, 2021-05 ,296068528.0,ncbi_tblastx_wrapper/2.10.1+galaxy0
1005, 2021-05 ,294338688.0,raceid_filtnormconf/3.1
1006, 2021-05 ,294338688.0,EMBOSS: trimseq103/5.0.0.1
1007, 2021-05 ,294338688.0,bedtools_nucbed/2.30.0
1008, 2021-05 ,294338688.0,EMBOSS: sixpack90/5.0.0+galaxy2
1009, 2021-05 ,294338688.0,EMBOSS: prettyplot79/5.0.0.1
1010, 2021-05 ,294338688.0,bedtools_coveragebed/2.22.1
1011, 2021-05 ,294338688.0,rseqc_RPKM_saturation/2.6.4.1
1012, 2021-05 ,294338688.0,raceid_clustering/3.1
1013, 2021-05 ,294338688.0,EMBOSS: freak36/5.0.0.1
1014, 2021-05 ,294338688.0,trinotate/3.1.1
1015, 2021-05 ,294338688.0,transit_hmm/3.0.2+galaxy0
1016, 2021-05 ,294338688.0,hyphy_bgm/2.5.31+galaxy1
1017, 2021-05 ,294338688.0,tb_profiler_profile/2.8.4+galaxy1
1018, 2021-05 ,294338688.0,EMBOSS: chips10/5.0.0
1019, 2021-05 ,294338688.0,EMBOSS: backtranseq2/6.6.0
1020, 2021-05 ,294338688.0,stringtie/1.0.3
1021, 2021-05 ,294338688.0,bam_to_scidx/1.0.1
1022, 2021-05 ,294338688.0,macs2_callpeak/2.1.1.20160309.4
1023, 2021-05 ,294338688.0,translate_bed/0.1.0
1024, 2021-05 ,294338688.0,snpEff_get_chr_names/4.3+T.galaxy2
1025, 2021-05 ,294338688.0,LinearRegression1/1.0.1
1026, 2021-05 ,294338688.0,ncbi_makeprofiledb/2.10.1+galaxy0
1027, 2021-05 ,294338688.0,picard_AddOrReplaceReadGroups/2.7.1.0
1028, 2021-05 ,294338688.0,vcf2tsv/1.0.0_rc1+galaxy0
1029, 2021-05 ,294338688.0,msaboot/0.1.2
1030, 2021-05 ,294338688.0,scatterplot_rpy/1.0.3
1031, 2021-05 ,294338688.0,poretools_qualdist/0.6.1a1.0
1032, 2021-05 ,294338688.0,raceid_inspectclusters/3.1
1033, 2021-05 ,294338676.0,fasterq_dump/2.10.7+galaxy1
1034, 2021-05 ,285386460.0,multigps/0.74.0
1035, 2021-05 ,263623752.0,mothur_get_oturep/1.39.5.0
1036, 2021-05 ,263623752.0,ems_variant_density_mapping/1.0.0
1037, 2021-05 ,263623752.0,microsats_align1/1.0.0
1038, 2021-05 ,263623752.0,bedtools_bedtobam/2.29.2
1039, 2021-05 ,263623752.0,EMBOSS: pepwindow73/5.0.0.1
1040, 2021-05 ,263623752.0,EMBOSS: polydot77/5.0.0.1
1041, 2021-05 ,263623752.0,qualimap_counts/2.2.2d
1042, 2021-05 ,263623752.0,datamash_ops/1.0.6
1043, 2021-05 ,263623752.0,bedtools_intersectbed/2.27.1
1044, 2021-05 ,263623752.0,mothur_reverse_seqs/1.39.5.0
1045, 2021-05 ,263623752.0,mothur_pairwise_seqs/1.39.5.0
1046, 2021-05 ,263623752.0,mothur_merge_files/1.36.1.0
1047, 2021-05 ,263623752.0,seqtk_dropse/1.3.1
1048, 2021-05 ,263623752.0,bowtie2/0.3
1049, 2021-05 ,263623752.0,multiqc/1.0.0.0
1050, 2021-05 ,263623752.0,mothur_unique_seqs/1.36.1.0
1051, 2021-05 ,263623752.0,peptide_shaker/1.16.36.3
1052, 2021-05 ,263623752.0,mixcr_analyze/3.0.5.0
1053, 2021-05 ,263623752.0,gd_pathway_image/1.0.0
1054, 2021-05 ,263623752.0,gd_extract_flanking_dna/1.0.0
1055, 2021-05 ,263623752.0,meme_meme/4.11.1.0
1056, 2021-05 ,263623752.0,medaka_variant_pipeline/1.0.3+galaxy1
1057, 2021-05 ,263623752.0,mothur_make_group/1.36.1.0
1058, 2021-05 ,263623752.0,sqlite_to_tabular/2.0.1
1059, 2021-05 ,263623752.0,fastq_dump/2.9.1.3
1060, 2021-05 ,263623752.0,Profilegenerator/2.0.0
1061, 2021-05 ,263623752.0,jbrowse/1.16.10+galaxy0
1062, 2021-05 ,263623752.0,iwtomics_loadandplot/1.0.0.0
1063, 2021-05 ,263623752.0,cummerbund_to_cuffdiff/1.0.1
1064, 2021-05 ,263623752.0,idba_ud/1.1.3+galaxy1
1065, 2021-05 ,263623752.0,samtools_phase/2.0.1
1066, 2021-05 ,263623752.0,hyphy_bgm/2.5.31+galaxy2
1067, 2021-05 ,263623752.0,cshl_fastx_clipper/1.0.1
1068, 2021-05 ,263623752.0,hyphy_absrel/2.5.31+galaxy1
1069, 2021-05 ,263623752.0,CONVERTER_wiggle_to_interval_0/CONVERTER_wiggle_to_interval_0
1070, 2021-05 ,263623752.0,fastqc/0.71
1071, 2021-05 ,263623752.0,bcftools_norm/1.9+galaxy1
1072, 2021-05 ,263623752.0,gprofiler_random/0.1.7+galaxy11
1073, 2021-05 ,263623752.0,gprofiler_orth/0.1.7+galaxy11
1074, 2021-05 ,263623752.0,roary/3.13.0+galaxy0
1075, 2021-05 ,263623752.0,EMBOSS: cpgreport16/5.0.0.1
1076, 2021-05 ,263623752.0,CONVERTER_tar_to_directory/CONVERTER_tar_to_directory
1077, 2021-05 ,263623752.0,picard_artifact_metrics/2.18.2.1
1078, 2021-05 ,263623752.0,aggregate_scores_in_intervals2/aggregate_scores_in_intervals2
1079, 2021-05 ,263623752.0,bcftools_plugin_mendelian/1.10
1080, 2021-05 ,263623752.0,bcftools_plugin_missing2ref/1.10
1081, 2021-05 ,263623752.0,EMBOSS: epestfind29/5.0.0.1
1082, 2021-05 ,263623752.0,bcftools_query/1.10
1083, 2021-05 ,263623752.0,fastq_quality_trimmer/1.0.0
1084, 2021-05 ,263623752.0,cast/1.4.2
1085, 2021-05 ,263623752.0,presto_buildconsensus/0.5.4
1086, 2021-05 ,263623752.0,bcftools_reheader/1.4.0
1087, 2021-05 ,263623752.0,bedtools_reldistbed/2.29.2
1088, 2021-05 ,263623752.0,bcftools_stats/1.4.0
1089, 2021-05 ,263623752.0,EMBOSS: lindna48/5.0.0.1
1090, 2021-05 ,263623696.0,sam_to_bam/2.1
1091, 2021-05 ,254671620.0,mothur_get_relabund/1.39.5.0
1092, 2021-05 ,254671620.0,deseq2/2.11.40.2
1093, 2021-05 ,223956684.0,xmfa2gff3/2015_02_13.1
1094, 2021-05 ,223956684.0,megablast_xml_parser/1.0.1
1095, 2021-05 ,223956684.0,CONVERTER_maf_to_interval_0/CONVERTER_maf_to_interval_0
1096, 2021-05 ,223956684.0,vcfrandomsample/1.0.0_rc3+galaxy0
1097, 2021-05 ,223956684.0,sklearn_searchcv/1.0.8.2
1098, 2021-05 ,223956664.0,hyphy_fel/2.5.31+galaxy1
1099, 2021-05 ,223956624.0,kallisto_pseudo/0.46.0.1
1100, 2021-05 ,193241748.0,sam_merge2/1.1.2
1101, 2021-05 ,193241748.0,EMBOSS: checktrans9/5.0.0.1
1102, 2021-05 ,193241748.0,mothur_chop_seqs/1.39.5.0
1103, 2021-05 ,193241748.0,mothur_classify_seqs/1.36.1.0
1104, 2021-05 ,193241748.0,mothur_get_seqs/1.39.5.0
1105, 2021-05 ,193241748.0,tp_text_file_with_recurring_lines/1.1.0
1106, 2021-05 ,193241748.0,diffbind/2.6.6.4
1107, 2021-05 ,193241728.0,deeptools_bam_coverage/3.3.0.0.0
1108, 2021-05 ,184289524.0,deeptools_bam_pe_fragmentsize/3.3.2.0.0
1109, 2021-05 ,162526812.0,graphembed/2.4.0
1110, 2021-05 ,162526812.0,getalleleseq/0.0.1
1111, 2021-05 ,162526812.0,bcftools_call/1.9+galaxy1
1112, 2021-05 ,162526812.0,fastq_masker_by_quality/1.1.5
1113, 2021-05 ,162526812.0,EMBOSS: cirdna11/5.0.0
1114, 2021-05 ,162526812.0,khmer_normalize_by_median/3.0.0a3+galaxy1
1115, 2021-05 ,162526812.0,bedtools_bedpetobam/2.30.0
1116, 2021-05 ,162526812.0,picard_FixMateInformation/2.18.2.1
1117, 2021-05 ,162526812.0,microsatpurity/1.0.0
1118, 2021-05 ,162526812.0,cshl_fastq_quality_filter/1.0.2
1119, 2021-05 ,162526812.0,vcfleftalign/1.0.0_rc3+galaxy0
1120, 2021-05 ,162526812.0,fasterq_dump/2.10.7+galaxy2
1121, 2021-05 ,162526812.0,cshl_fastq_quality_converter/1.0.1
1122, 2021-05 ,162526812.0,macs2_callpeak/2.1.0.20140616.0
1123, 2021-05 ,162526812.0,fastq_to_fasta_python/1.0.0
1124, 2021-05 ,162526812.0,samtools_view/1.9
1125, 2021-05 ,162526812.0,tsne/0.0.2
1126, 2021-05 ,162526812.0,EMBOSS: fuzzpro38/5.0.0.1
1127, 2021-05 ,162526812.0,scpipe/1.0.0+galaxy2
1128, 2021-05 ,162526800.0,gmx_em/2020.2+galaxy0
1129, 2021-05 ,162526792.0,transdecoder/3.0.1
1130, 2021-05 ,162526792.0,fasterq_dump/2.10.4
1131, 2021-05 ,162526728.0,gubbins/0.1.0
1132, 2021-05 ,153574680.0,hgv_ldtools/hgv_ldtools
1133, 2021-05 ,153574680.0,bedtools_maskfastabed/2.29.2
1134, 2021-05 ,153574680.0,rseqc_insertion_profile/2.6.4
1135, 2021-05 ,131811876.0,mothur_align_seqs/1.36.1.0
1136, 2021-05 ,131811876.0,snpEff_build_gb/4.3+T.galaxy3
1137, 2021-05 ,131811876.0,modify_loom/0.7.5+galaxy0
1138, 2021-05 ,131811876.0,minimap2/2.17+galaxy3
1139, 2021-05 ,131811876.0,snpEff_download/4.3+T.galaxy1
1140, 2021-05 ,131811876.0,deeptools_plot_coverage/3.3.0.0.0
1141, 2021-05 ,131811876.0,Add_a_column1/1.3.1
1142, 2021-05 ,131811876.0,raceid_inspecttrajectory/3.1
1143, 2021-05 ,131811876.0,sailfish/0.7.6.0
1144, 2021-05 ,131811876.0,purge_dups/1.2.5+galaxy1
1145, 2021-05 ,131811876.0,presto_assemblepairs/0.5.4
1146, 2021-05 ,131811876.0,poretools_winner/0.6.1a1.0
1147, 2021-05 ,131811876.0,poretools_squiggle/0.6.1a1.1
1148, 2021-05 ,131811876.0,poretools_nucdist/0.6.1a1.0
1149, 2021-05 ,131811876.0,poretools_events/0.6.1a1.1
1150, 2021-05 ,131811876.0,sklearn_sample_generator/1.0.8.2
1151, 2021-05 ,131811876.0,model_prediction/1.0.8.2
1152, 2021-05 ,131811876.0,tp_sort_header_tool/1.1.0
1153, 2021-05 ,131811876.0,mothur_summary_shared/1.39.5.0
1154, 2021-05 ,131811876.0,rgPicardMarkDups/1.56.0
1155, 2021-05 ,131811876.0,gmx_sim/2020.2+galaxy0
1156, 2021-05 ,131811876.0,taxonomy_krona_chart/2.6.1
1157, 2021-05 ,131811876.0,mothur_make_shared/1.36.1.0
1158, 2021-05 ,131811876.0,seqtk_listhet/1.3.1
1159, 2021-05 ,131811876.0,mothur_make_lefse/1.36.1.0
1160, 2021-05 ,131811876.0,seqtk_mergepe/1.3.1
1161, 2021-05 ,131811876.0,bamtools/0.0.1
1162, 2021-05 ,131811876.0,mothur_get_otulist/1.39.5.0
1163, 2021-05 ,131811876.0,shovill/1.0.4+galaxy0
1164, 2021-05 ,131811876.0,mothur_degap_seqs/1.39.5.0
1165, 2021-05 ,131811876.0,mothur_cluster_fragments/1.39.5.0
1166, 2021-05 ,131811876.0,mothur_cluster_classic/1.39.5.0
1167, 2021-05 ,131811876.0,mothur_chimera_slayer/1.39.5.0
1168, 2021-05 ,131811876.0,deeptools_plot_pca/3.1.2.0.0
1169, 2021-05 ,131811876.0,mothur_bin_seqs/1.39.5.0
1170, 2021-05 ,131811876.0,iwtomics_plotwithscale/1.0.0.0
1171, 2021-05 ,131811876.0,ivar_filtervariants/1.2.2+galaxy0
1172, 2021-05 ,131811876.0,idba_tran/1.1.3+galaxy0
1173, 2021-05 ,131811876.0,master2pgSnp/master2pgSnp
1174, 2021-05 ,131811876.0,EMBOSS: coderet13/5.0.0
1175, 2021-05 ,131811876.0,transit_resampling/3.0.2+galaxy0
1176, 2021-05 ,131811876.0,hisat2/2.1.0+galaxy3
1177, 2021-05 ,131811876.0,heinz_scoring/1.0
1178, 2021-05 ,131811876.0,hgv_pass/hgv_pass
1179, 2021-05 ,131811876.0,genetrack/1.0.1
1180, 2021-05 ,131811876.0,gatk4_mutect2/4.1.4.0+galaxy2
1181, 2021-05 ,131811876.0,EMBOSS: helixturnhelix43/5.0.0.1
1182, 2021-05 ,131811876.0,EMBOSS: infoseq46/5.0.0
1183, 2021-05 ,131811876.0,EMBOSS: newcpgreport57/5.0.0
1184, 2021-05 ,131811876.0,Extract genomic DNA 1/3.0.3
1185, 2021-05 ,131811876.0,EMBOSS: pepinfo69/5.0.0.1
1186, 2021-05 ,131811876.0,EMBOSS: prettyseq80/5.0.0.1
1187, 2021-05 ,131811876.0,vsearch_alignment/2.8.3.0
1188, 2021-05 ,131811876.0,EMBOSS: seqret84/5.0.0
1189, 2021-05 ,131811876.0,EMBOSS: sirna89/5.0.0
1190, 2021-05 ,131811876.0,circos/0.69.8+galaxy4
1191, 2021-05 ,131811876.0,cat_summarise/5.0.3.0
1192, 2021-05 ,131811876.0,cat_contigs/5.0.3.1
1193, 2021-05 ,131811876.0,EMBOSS: splitter92/5.0.0.1
1194, 2021-05 ,131811876.0,EMBOSS: supermatcher95/5.0.0.1
1195, 2021-05 ,131811876.0,tradis_gene_insert_sites/1.4.5+galaxy2
1196, 2021-05 ,131811876.0,EMBOSS: trimest102/5.0.0.1
1197, 2021-05 ,131811876.0,bedtools_unionbedgraph/2.29.2
1198, 2021-05 ,131811876.0,gd_extract_primers/1.0.0
1199, 2021-05 ,131811876.0,bedtools_map/2.30.0.2
1200, 2021-05 ,131811876.0,bedtools_makewindowsbed/2.29.2
1201, 2021-05 ,131811876.0,bedtools_intersectbed/2.24.0
1202, 2021-05 ,131811876.0,gd_population_structure/1.0.0
1203, 2021-05 ,131811876.0,bedtools_flankbed/2.27.0.0
1204, 2021-05 ,131811876.0,fastq_paired_end_interlacer/1.2.0.1
1205, 2021-05 ,131811876.0,make_families/2.15
1206, 2021-05 ,131811876.0,fastq_paired_end_joiner/2.0.1.1
1207, 2021-05 ,131811876.0,make_families/0.3
1208, 2021-05 ,131811876.0,Condense characters1/Condense characters1
1209, 2021-05 ,131811876.0,bedtools_bamtobed/2.29.0
1210, 2021-05 ,131811876.0,CONVERTER_picard_interval_list_to_bed6/CONVERTER_picard_interval_list_to_bed6
1211, 2021-05 ,131811876.0,CONVERTER_biom1_to_biom2/CONVERTER_biom1_to_biom2
1212, 2021-05 ,131811876.0,rseqc_geneBody_coverage2/2.6.4.1
1213, 2021-05 ,131811876.0,bcftools_plugin_tag2tag/1.9+galaxy1
1214, 2021-05 ,131811876.0,bcftools_plugin_setgt/1.10
1215, 2021-05 ,131811876.0,bcftools_plugin_missing2ref/1.9+galaxy1
1216, 2021-05 ,131811876.0,bcftools_plugin_impute_info/1.9+galaxy1
1217, 2021-05 ,131811876.0,bcftools_plugin_impute_info/1.10
1218, 2021-05 ,131811876.0,bcftools_plugin_frameshifts/1.10
1219, 2021-05 ,131811876.0,bcftools_mpileup/1.4.0.0
1220, 2021-05 ,131811876.0,bcftools_gtcheck/1.10
1221, 2021-05 ,131811876.0,cshl_fastx_barcode_splitter/1.0.0
1222, 2021-05 ,131811876.0,bcftools_convert_from_vcf/1.10
1223, 2021-05 ,131811876.0,cshl_fastx_nucleotides_distribution/1.0.0
1224, 2021-05 ,131811876.0,bcftools_concat/1.9+galaxy1
1225, 2021-05 ,131811876.0,annotatemyids/3.7.0
1226, 2021-05 ,131811876.0,annotatemyids/3.5.0.1
1227, 2021-05 ,131811876.0,freebayes/freebayes-0.9.14
1228, 2021-05 ,131811876.0,spring_map/0.2+galaxy0
1229, 2021-05 ,131811876.0,hhsearch/3.2.0+galaxy0
1230, 2021-05 ,131811876.0,ffindex_dbkit_merge/0.2+galaxy0
1231, 2021-05 ,131811876.0,in_silico_complementation/1.0.0
1232, 2021-05 ,131811876.0,iterative_map_pipeline/1.0
1233, 2021-05 ,131811876.0,ks_distribution/1.0.3.0
1234, 2021-05 ,131811876.0,search_gui/3.3.10.1
1235, 2021-05 ,131811876.0,pep_pointer/0.1.3
1236, 2021-05 ,131811876.0,bed_to_protein_map/0.2.0
1237, 2021-05 ,131811876.0,XY_Plot_1/1.0.1
1238, 2021-05 ,131811876.0,vcffilter2/1.0.0_rc1+galaxy3
1239, 2021-05 ,131811876.0,ncbi_makeblastdb/0.3.3
1240, 2021-05 ,131811876.0,picard_CleanSam/1.126.0
1241, 2021-05 ,131811876.0,picard_ReplaceSamHeader/2.18.2.1
1242, 2021-05 ,131811876.0,picard_RevertSam/2.18.2.1
1243, 2021-05 ,131811876.0,raceid_trajectory/3.1
1244, 2021-05 ,131811876.0,snpSift_rmInfo/4.3+t.galaxy0
1245, 2021-05 ,131811876.0,deeptools_bam_coverage/3.1.2.0.0
1246, 2021-05 ,131811876.0,cuffdiff/2.2.1.2
1247, 2021-05 ,131811876.0,cuffdiff/2.2.1.5
1248, 2021-05 ,131811876.0,cuffmerge/0.0.6
1249, 2021-05 ,131811876.0,limma_voom/3.38.3+galaxy2
1250, 2021-05 ,131811876.0,khmer_partition/3.0.0a3+galaxy1
1251, 2021-05 ,131811876.0,khmer_count_median/3.0.0a3+galaxy1
1252, 2021-05 ,131811876.0,kallisto_pseudo/0.43.1.1
1253, 2021-05 ,131811876.0,iwtomics_testandplot/1.0.0.0
1254, 2021-05 ,131811820.0,transdecoder/5.5.0+galaxy0
1255, 2021-05 ,131811820.0,mothur_cluster_split/1.36.1.0
1256, 2021-05 ,122859744.0,EMBOSS: plotorf76/5.0.0
1257, 2021-05 ,122859744.0,cat_prepare/5.0.3.0
1258, 2021-05 ,92144808.0,mothur_list_seqs/1.39.5.0
1259, 2021-05 ,92144808.0,tp_easyjoin_tool/1.1.1
1260, 2021-05 ,92144788.0,hyphy_relax/2.5.31+galaxy1
1261, 2021-05 ,92144764.0,racon/1.3.1.1
1262, 2021-05 ,92144748.0,deeptools_compute_gc_bias/3.3.2.0.0
1263, 2021-05 ,61429872.0,transit_gumbel/3.0.2+galaxy0
1264, 2021-05 ,61429872.0,EMBOSS: pepcoil68/5.0.0.1
1265, 2021-05 ,61429872.0,sarscov2formatter/0.5.3+galaxy1
1266, 2021-05 ,61429872.0,multiqc/1.8+galaxy0
1267, 2021-05 ,61429872.0,maf_stats1/1.0.1+galaxy0
1268, 2021-05 ,61429872.0,bedtools_multicovtbed/2.29.2
1269, 2021-05 ,61429872.0,cufflinks/2.2.1.2
1270, 2021-05 ,61429872.0,MAF_Thread_For_Species1/MAF_Thread_For_Species1
1271, 2021-05 ,61429872.0,rseqc_RNA_fragment_size/2.6.4.1
1272, 2021-05 ,61429872.0,mothur_pre_cluster/1.36.1.0
1273, 2021-05 ,61429872.0,mimodd_rebase/0.1.9
1274, 2021-05 ,61429872.0,poretools_qualpos/0.6.1a1.1
1275, 2021-05 ,61429872.0,fastq_dump/2.10.4
1276, 2021-05 ,61429872.0,MAF_Reverse_Complement_1/MAF_Reverse_Complement_1
1277, 2021-05 ,61429824.0,mummer_nucmer/4.0.0beta2+galaxy0
1278, 2021-05 ,30714936.0,mothur_homova/1.39.5.0
1279, 2021-05 ,30714936.0,bcftools_plugin_fill_an_ac/1.10
1280, 2021-05 ,30714936.0,CONVERTER_gff_to_bgzip_0/CONVERTER_gff_to_bgzip_0
1281, 2021-05 ,30714936.0,heinz/1.0
1282, 2021-05 ,30714936.0,samtools_reheader/2.0.1+galaxy1
1283, 2021-05 ,30714936.0,bamFilter/0.0.2
1284, 2021-05 ,30714936.0,EMBOSS: dotpath25/5.0.0.1
1285, 2021-05 ,30714936.0,ggplot2_heatmap2/2.2.1+galaxy1
1286, 2021-05 ,30714936.0,fastqe/0.2.6+galaxy0
1287, 2021-05 ,30714936.0,picard_CollectGcBiasMetrics/2.18.2.1
1288, 2021-05 ,30714936.0,diffbind/2.6.5.0
1289, 2021-05 ,30714936.0,check_snpeff_candidates/1.0.0
1290, 2021-05 ,30714936.0,naive_variant_caller/0.0.1
1291, 2021-05 ,30714936.0,valet/1.0.0
1292, 2021-05 ,30714936.0,EMBOSS: oddcomp64/5.0.0.1
1293, 2021-05 ,30714936.0,lastz_d_wrapper/1.3.2
1294, 2021-05 ,30714936.0,flymine/flymine
1295, 2021-05 ,30714936.0,EMBOSS: preg78/5.0.0+galaxy1
1296, 2021-05 ,30714936.0,macs2_predictd/2.1.1.20160309.0
1297, 2021-05 ,30714936.0,gmaj_1/2.0.1
1298, 2021-05 ,30714936.0,bcftools_plugin_setgt/1.9+galaxy1
1299, 2021-05 ,30714936.0,blastxml_to_gapped_gff3/1.1
1300, 2021-05 ,30714936.0,cufflinks/0.0.6
1301, 2021-05 ,30714936.0,trimmomatic/0.36.2
1302, 2021-05 ,30714936.0,EMBOSS: tranalign100/5.0.0
1303, 2021-05 ,30714936.0,meme_psp_gen/5.0.5.0
1304, 2021-05 ,30714936.0,kobas_identify/2.1.1
1305, 2021-05 ,30714936.0,metagenomeseq_normalizaton/1.16.0-0.0.1
1306, 2021-05 ,30714936.0,cca1/1.0.0
1307, 2021-05 ,30714936.0,sam_dump/2.10.8+galaxy0
1308, 2021-05 ,30714936.0,jbrowse/1.16.5+galaxy7
1309, 2021-05 ,30714936.0,mothur_sort_seqs/1.39.5.0
1310, 2021-05 ,30714936.0,bcftools_plugin_mendelian/1.9+galaxy1
1311, 2021-05 ,30714936.0,EMBOSS: antigenic1/5.0.0.1
1312, 2021-05 ,30714936.0,freebayes/0.4.1
1313, 2021-05 ,30714936.0,EMBOSS: charge8/5.0.0.1
1314, 2021-05 ,30714936.0,galaxy_intermine_exchange/0.0.1
1315, 2021-05 ,30714936.0,hgv_snpFreq/1.0.1
1316, 2021-05 ,30714936.0,idba_hybrid/1.1.3
1317, 2021-05 ,30714936.0,hyphy_absrel/2.5.31+galaxy0
1318, 2021-05 ,30714936.0,tn93_readreduce/1.0.4
1319, 2021-05 ,30714936.0,poretools_yield_plot/0.6.1a1.1
1320, 2021-05 ,30714936.0,tp_sort_header_tool/1.0.0
1321, 2021-05 ,30714936.0,vsearch_masking/2.8.3.0
1322, 2021-05 ,30714936.0,bcftools_call/1.4.0
1323, 2021-05 ,30714936.0,EMBOSS: revseq82/5.0.0
1324, 2021-05 ,30714916.0,mothur_metastats/1.39.5.0
1325, 2021-05 ,30714916.0,trimmomatic/0.36.3
1326, 2021-05 ,30714908.0,megahit/1.1.3.4
1327, 2021-05 ,30714908.0,plant_tribes_gene_family_phylogeny_builder/1.0.3.0
