,month_year,num_jobs,tool_name_version
1, 2021-05 ,130042.0,upload1/upload1
2, 2021-05 ,41236.0,fastqc/0.72+galaxy1
3, 2021-05 ,37162.0,Add_a_column1/1.6
4, 2021-05 ,24566.0,Cut1/Cut1
5, 2021-05 ,22002.0,snpSift_extractFields/4.3+t.galaxy0
6, 2021-05 ,21363.0,snpSift_filter/4.3+t.galaxy1
7, 2021-05 ,13498.0,hisat2/2.1.0+galaxy7
8, 2021-05 ,13224.0,tp_find_and_replace/1.1.3
9, 2021-05 ,12980.0,featurecounts/2.0.1
10, 2021-05 ,12556.0,Filter1/Filter1
11, 2021-05 ,12021.0,ucsc_table_direct1/ucsc_table_direct1
12, 2021-05 ,11686.0,bwa_mem/0.7.17.1
13, 2021-05 ,10234.0,trimmomatic/0.38.0
14, 2021-05 ,10119.0,lofreq_filter/2.1.5+galaxy0
15, 2021-05 ,10070.0,tp_replace_in_line/1.1.2
16, 2021-05 ,9977.0,lofreq_call/2.1.5+galaxy0
17, 2021-05 ,9909.0,vcfvcfintersect/1.0.0_rc3+galaxy0
18, 2021-05 ,9168.0,CONVERTER_gz_to_uncompressed/CONVERTER_gz_to_uncompressed
19, 2021-05 ,9000.0,lofreq_viterbi/2.1.5+galaxy0
20, 2021-05 ,8353.0,samtools_stats/2.0.2+galaxy2
21, 2021-05 ,8166.0,rna_star/2.7.8a
22, 2021-05 ,7559.0,gops_subtract_1/1.0.0
23, 2021-05 ,7471.0,fastq_dump/2.10.9+galaxy0
24, 2021-05 ,7463.0,bowtie2/2.4.2+galaxy0
25, 2021-05 ,7387.0,gops_merge_1/1.0.0
26, 2021-05 ,7357.0,gops_concat_1/1.0.1
27, 2021-05 ,7347.0,bcftools_consensus/1.10
28, 2021-05 ,7338.0,bedtools_genomecoveragebed/2.29.2
29, 2021-05 ,7042.0,snpeff_sars_cov_2/4.5covid19
30, 2021-05 ,6934.0,datamash_ops/1.1.0
31, 2021-05 ,6804.0,lofreq_indelqual/2.1.5+galaxy0
32, 2021-05 ,6399.0,fastp/0.20.1+galaxy0
33, 2021-05 ,6287.0,replace_column_with_key_value_file/0.2
34, 2021-05 ,5644.0,fasterq_dump/2.10.9+galaxy0
35, 2021-05 ,5401.0,trim_galore/0.6.3
36, 2021-05 ,5391.0,cutadapt/1.16.6
37, 2021-05 ,5219.0,lastz_wrapper_2/1.3.3
38, 2021-05 ,5163.0,ivar_trim/1.2.2+galaxy1
39, 2021-05 ,5110.0,stringtie/2.1.1
40, 2021-05 ,5028.0,samtools_view/1.9+galaxy2
41, 2021-05 ,5023.0,qualimap_bamqc/2.2.2d+galaxy3
42, 2021-05 ,4931.0,ivar_removereads/1.2.2+galaxy1
43, 2021-05 ,4779.0,fastp/0.19.5+galaxy1
44, 2021-05 ,4417.0,__SET_METADATA__/__SET_METADATA__
45, 2021-05 ,4397.0,__DATA_FETCH__/__DATA_FETCH__
46, 2021-05 ,3928.0,deseq2/2.11.40.6+galaxy1
47, 2021-05 ,3872.0,ncbi_blastn_wrapper/2.10.1+galaxy0
48, 2021-05 ,3279.0,htseq_count/0.9.1
49, 2021-05 ,3134.0,picard_MarkDuplicates/2.18.2.2
50, 2021-05 ,3071.0,spaln/2.4.03+galaxy0
51, 2021-05 ,3048.0,freebayes/1.3.1
52, 2021-05 ,2984.0,deeptools_bam_coverage/3.3.2.0.0
53, 2021-05 ,2889.0,deeptools_compute_matrix/3.3.2.0.0
54, 2021-05 ,2839.0,fastq_to_fasta_python/1.1.5
55, 2021-05 ,2709.0,multiqc/1.9+galaxy1
56, 2021-05 ,2610.0,fasta_filter_by_length/1.2
57, 2021-05 ,2543.0,join1/join1
58, 2021-05 ,2515.0,Grep1/Grep1
59, 2021-05 ,2341.0,prokka/1.14.5+galaxy0
60, 2021-05 ,2246.0,tab2fasta/1.1.1
61, 2021-05 ,2236.0,fastq_groomer/1.1.5
62, 2021-05 ,2212.0,cshl_fastx_collapser/1.0.1
63, 2021-05 ,2206.0,macs2_callpeak/2.1.1.20160309.6
64, 2021-05 ,2152.0,samtool_filter2/1.8+galaxy1
65, 2021-05 ,2142.0,vcffilter2/1.0.0_rc3+galaxy3
66, 2021-05 ,2027.0,bwa/0.7.17.4
67, 2021-05 ,2007.0,sra_source/sra_source
68, 2021-05 ,2001.0,qualimap_bamqc/2.2.2c
69, 2021-05 ,1984.0,deeptools_plot_heatmap/3.3.2.0.1
70, 2021-05 ,1961.0,lofreq_call/2.1.5+galaxy1
71, 2021-05 ,1872.0,cat1/cat1
72, 2021-05 ,1745.0,ebi_sra_main/ebi_sra_main
73, 2021-05 ,1731.0,__EXTRACT_DATASET__/__EXTRACT_DATASET__
74, 2021-05 ,1669.0,Grouping1/Grouping1
75, 2021-05 ,1645.0,salmon/1.3.0+galaxy1
76, 2021-05 ,1625.0,tophat2/2.1.1
77, 2021-05 ,1578.0,deeptools_plot_profile/3.3.2.0.0
78, 2021-05 ,1464.0,snpEff/4.3+T.galaxy1
79, 2021-05 ,1340.0,tp_cut_tool/1.1.0
80, 2021-05 ,1313.0,sort1/sort1
81, 2021-05 ,1273.0,cufflinks/2.2.1.3
82, 2021-05 ,1263.0,fasta2tab/1.1.1
83, 2021-05 ,1248.0,clustalw/2.1
84, 2021-05 ,1230.0,ggplot2_heatmap2/3.0.1
85, 2021-05 ,1208.0,gops_join_1/1.0.0
86, 2021-05 ,1200.0,rseqc_infer_experiment/2.6.4.1
87, 2021-05 ,1192.0,fastq_join/1.1.2-806.1
88, 2021-05 ,1169.0,samtools_idxstats/2.0.3
89, 2021-05 ,1146.0,spades/3.12.0+galaxy1
90, 2021-05 ,1145.0,bedtools_intersectbed/2.30.0
91, 2021-05 ,1103.0,ivar_consensus/1.2.2+galaxy0
92, 2021-05 ,1029.0,CONVERTER_fastq_to_fqtoc0/CONVERTER_fastq_to_fqtoc0
93, 2021-05 ,1028.0,deg_annotate/1.1.0
94, 2021-05 ,1003.0,cuffdiff/2.2.1.6
95, 2021-05 ,944.0,volcanoplot/0.0.3
96, 2021-05 ,932.0,samtools_flagstat/2.0.3
97, 2021-05 ,915.0,samtools_view/1.9+galaxy3
98, 2021-05 ,905.0,edger/3.24.1+galaxy1
99, 2021-05 ,871.0,tp_sort_header_tool/1.1.1
100, 2021-05 ,852.0,mothur_make_biom/1.39.5.0
101, 2021-05 ,842.0,samtools_sort/2.0.3
102, 2021-05 ,821.0,picard_SamToFastq/2.18.2.2
103, 2021-05 ,815.0,mothur_make_contigs/1.39.5.1
104, 2021-05 ,806.0,tp_easyjoin_tool/1.1.2
105, 2021-05 ,801.0,bamFilter/2.4.1
106, 2021-05 ,785.0,kraken2/2.1.1+galaxy1
107, 2021-05 ,785.0,bcftools_mpileup/1.10
108, 2021-05 ,780.0,busco/5.0.0+galaxy0
109, 2021-05 ,766.0,annotatemyids/3.12.0
110, 2021-05 ,765.0,tp_sed_tool/1.1.1
111, 2021-05 ,761.0,jvarkit_wgscoverageplotter/20201223+galaxy0
112, 2021-05 ,747.0,samtools_rmdup/2.0.1
113, 2021-05 ,732.0,mothur_summary_seqs/1.39.5.0
114, 2021-05 ,732.0,abricate/1.0.1
115, 2021-05 ,688.0,chipseeker/1.18.0+galaxy1
116, 2021-05 ,685.0,unicycler/0.4.8.0
117, 2021-05 ,683.0,quast/5.0.2+galaxy1
118, 2021-05 ,681.0,comp1/comp1
119, 2021-05 ,677.0,csv_to_tabular/csv_to_tabular
120, 2021-05 ,661.0,snippy/4.5.0
121, 2021-05 ,648.0,Remove beginning1/Remove beginning1
122, 2021-05 ,641.0,tp_head_tool/1.1.0
123, 2021-05 ,637.0,tp_grep_tool/1.1.1
124, 2021-05 ,627.0,picard_AddOrReplaceReadGroups/2.18.2.1
125, 2021-05 ,626.0,wig_to_bigWig/wig_to_bigWig
126, 2021-05 ,621.0,gops_intersect_1/1.0.0
127, 2021-05 ,616.0,kallisto_quant/0.46.0.4
128, 2021-05 ,611.0,cshl_fastq_quality_filter/1.0.2+galaxy0
129, 2021-05 ,595.0,limma_voom/3.38.3+galaxy3
130, 2021-05 ,578.0,goseq/1.36.0+galaxy0
131, 2021-05 ,578.0,CONVERTER_interval_to_bed_0/CONVERTER_interval_to_bed_0
132, 2021-05 ,559.0,cat_multiple/0.2
133, 2021-05 ,553.0,cshl_fastx_collapser/1.0.0
134, 2021-05 ,536.0,velveth/1.2.10.2
135, 2021-05 ,526.0,mothur_unique_seqs/1.39.5.0
136, 2021-05 ,523.0,tp_cat/0.1.0
137, 2021-05 ,519.0,cshl_fastq_to_fasta/1.0.0
138, 2021-05 ,518.0,seqtk_sample/1.3.2
139, 2021-05 ,501.0,vcfannotate/1.0.0_rc3+galaxy0
140, 2021-05 ,501.0,minimap2/2.17+galaxy4
141, 2021-05 ,500.0,tabular_to_csv/tabular_to_csv
142, 2021-05 ,488.0,fastq_quality_trimmer/1.1.5
143, 2021-05 ,486.0,compose_text_param/0.1.1
144, 2021-05 ,482.0,circos/0.69.8+galaxy7
145, 2021-05 ,481.0,table_annovar/0.2
146, 2021-05 ,477.0,sam_pileup/1.1.3
147, 2021-05 ,477.0,mothur_screen_seqs/1.39.5.1
148, 2021-05 ,457.0,fastq_trimmer/1.1.5
149, 2021-05 ,457.0,mothur_make_group/1.39.5.0
150, 2021-05 ,451.0,mothur_make_shared/1.39.5.0
151, 2021-05 ,450.0,CONVERTER_bam_to_bigwig_0/CONVERTER_bam_to_bigwig_0
152, 2021-05 ,444.0,CONVERTER_fasta_to_tabular/CONVERTER_fasta_to_tabular
153, 2021-05 ,429.0,bowtie2/2.3.4.3+galaxy0
154, 2021-05 ,423.0,mothur_heatmap_sim/1.39.5.0
155, 2021-05 ,419.0,qualimap_rnaseq/2.2.2d+galaxy1
156, 2021-05 ,414.0,bam_to_sam/2.0.1
157, 2021-05 ,409.0,bamleftalign/1.3.1
158, 2021-05 ,404.0,cuffmerge/0.0.5
159, 2021-05 ,403.0,shovill/1.1.0+galaxy0
160, 2021-05 ,400.0,bcftools_call/1.10
161, 2021-05 ,390.0,picard_SortSam/2.18.2.1
162, 2021-05 ,388.0,collection_column_join/0.0.3
163, 2021-05 ,388.0,Count1/Count1
164, 2021-05 ,387.0,nanoplot/1.28.2+galaxy1
165, 2021-05 ,387.0,qualimap_multi_bamqc/2.2.2d
166, 2021-05 ,383.0,Convert characters1/Convert characters1
167, 2021-05 ,383.0,ncbi_blastp_wrapper/2.10.1+galaxy0
168, 2021-05 ,382.0,Extract genomic DNA 1/3.0.3+galaxy2
169, 2021-05 ,377.0,bcftools_view/1.10
170, 2021-05 ,376.0,cshl_fastx_trimmer/1.0.2+galaxy0
171, 2021-05 ,375.0,dada2_filterAndTrim/1.18+galaxy0
172, 2021-05 ,375.0,Show beginning1/Show beginning1
173, 2021-05 ,363.0,bamtools/2.4.0.0
174, 2021-05 ,362.0,fastq_paired_end_deinterlacer/1.1.5
175, 2021-05 ,359.0,trinity/2.9.1+galaxy1
176, 2021-05 ,356.0,picard_ValidateSamFile/2.18.2.1
177, 2021-05 ,352.0,picard_MergeSamFiles/2.18.2.1
178, 2021-05 ,352.0,samtools_mpileup/2.1.4
179, 2021-05 ,348.0,mothur_tree_shared/1.39.5.0
180, 2021-05 ,344.0,cshl_fastx_barcode_splitter/1.0.1
181, 2021-05 ,344.0,fastq_filter/1.1.5
182, 2021-05 ,344.0,newick_display/1.6+galaxy1
183, 2021-05 ,342.0,bcftools_filter/1.10
184, 2021-05 ,340.0,mothur_count_seqs/1.39.5.0
185, 2021-05 ,339.0,bandage_image/0.8.1+galaxy3
186, 2021-05 ,339.0,sam_dump/2.10.9+galaxy0
187, 2021-05 ,338.0,CONVERTER_interval_to_bedstrict_0/CONVERTER_interval_to_bedstrict_0
188, 2021-05 ,337.0,CONVERTER_vcf_to_vcf_bgzip_0/CONVERTER_vcf_to_vcf_bgzip_0
189, 2021-05 ,336.0,bedtools_bamtobed/2.30.0
190, 2021-05 ,336.0,CONVERTER_bam_to_coodinate_sorted_bam/CONVERTER_bam_to_coodinate_sorted_bam
191, 2021-05 ,333.0,deeptools_plot_correlation/3.3.2.0.0
192, 2021-05 ,332.0,velveth/1.2.10.1
193, 2021-05 ,332.0,bcftools_consensus/1.10+galaxy1
194, 2021-05 ,332.0,Paste1/Paste1
195, 2021-05 ,330.0,snpSift_annotate/4.3+t.galaxy1
196, 2021-05 ,328.0,rbc_mafft/7.221.3
197, 2021-05 ,327.0,mothur_taxonomy_to_krona/1.0
198, 2021-05 ,323.0,ngsutils_bam_filter/0.5.9
199, 2021-05 ,322.0,bedtools_getfastabed/2.30.0
200, 2021-05 ,320.0,bcftools_plugin_counts/1.10+galaxy1
201, 2021-05 ,319.0,dexseq_count/1.28.1.0
202, 2021-05 ,313.0,pileup_parser/1.0.2
203, 2021-05 ,313.0,EMBOSS: geecee41/5.0.0
204, 2021-05 ,312.0,fastqc/0.72
205, 2021-05 ,301.0,macs2_bdgpeakcall/2.1.1.20160309.0
206, 2021-05 ,299.0,stringtie_merge/2.1.1
207, 2021-05 ,298.0,ncbi_makeblastdb/2.10.1+galaxy0
208, 2021-05 ,296.0,samtools_slice_bam/2.0.1
209, 2021-05 ,296.0,mothur_align_seqs/1.39.5.0
210, 2021-05 ,295.0,rseqc_read_distribution/2.6.4.1
211, 2021-05 ,291.0,deeptools_bam_compare/3.3.2.0.0
212, 2021-05 ,289.0,ChangeCase/ChangeCase
213, 2021-05 ,289.0,vcf2tsv/1.0.0_rc3+galaxy0
214, 2021-05 ,283.0,fastq_paired_end_splitter/1.1.5
215, 2021-05 ,281.0,deeptools_bigwig_compare/3.3.2.0.0
216, 2021-05 ,281.0,kraken/1.3.1
217, 2021-05 ,280.0,CONVERTER_bed_gff_or_vcf_to_bigwig_0/CONVERTER_bed_gff_or_vcf_to_bigwig_0
218, 2021-05 ,279.0,jbrowse/1.16.11+galaxy0
219, 2021-05 ,278.0,cshl_fastx_reverse_complement/1.0.2+galaxy0
220, 2021-05 ,272.0,taxonomy_krona_chart/2.7.1
221, 2021-05 ,270.0,naive_variant_caller/0.0.4
222, 2021-05 ,269.0,fastq_groomer/1.1.1
223, 2021-05 ,268.0,venn_list/0.1.1
224, 2021-05 ,265.0,bcftools_annotate/1.10
225, 2021-05 ,263.0,cshl_fastq_to_fasta/1.0.2
226, 2021-05 ,258.0,velvetoptimiser/2.2.6
227, 2021-05 ,256.0,fasta-stats/1.0.1
228, 2021-05 ,255.0,snpEff_build_gb/4.3+T.galaxy4
229, 2021-05 ,254.0,fasttree/2.1.10+galaxy1
230, 2021-05 ,254.0,bedtools_genomecoveragebed/2.30.0
231, 2021-05 ,253.0,fasta_merge_files_and_filter_unique_sequences/1.2.0
232, 2021-05 ,253.0,snpEff_download/4.3+T.galaxy2
233, 2021-05 ,245.0,rseqc_bam_stat/2.6.4
234, 2021-05 ,243.0,datamash_reverse/1.1.0
235, 2021-05 ,241.0,dada2_dada/1.18+galaxy0
236, 2021-05 ,239.0,varscan/2.4.2
237, 2021-05 ,237.0,samtool_filter2/1.1.2
238, 2021-05 ,237.0,mothur_rarefaction_single/1.39.5.0
239, 2021-05 ,235.0,scanpy_plot/1.7.1+galaxy0
240, 2021-05 ,234.0,__MERGE_COLLECTION__/__MERGE_COLLECTION__
241, 2021-05 ,234.0,bedtools_multiintersectbed/2.30.0
242, 2021-05 ,231.0,trinity_align_and_estimate_abundance/2.9.1+galaxy1
243, 2021-05 ,231.0,samtools_depth/1.9
244, 2021-05 ,230.0,deeptools_multi_bam_summary/3.3.2.0.0
245, 2021-05 ,229.0,deeptools_plot_coverage/3.3.2.0.0
246, 2021-05 ,229.0,Kraken2Tax/1.2
247, 2021-05 ,228.0,bed_to_bigBed/bed_to_bigBed
248, 2021-05 ,227.0,mothur_dist_shared/1.39.5.0
249, 2021-05 ,224.0,mothur_classify_seqs/1.39.5.0
250, 2021-05 ,224.0,table_compute/0.9.2
251, 2021-05 ,223.0,sailfish/0.10.1.1
252, 2021-05 ,222.0,vcfhethom/1.0.0_rc3+galaxy0
253, 2021-05 ,220.0,vcfallelicprimitives/1.0.0_rc3+galaxy0
254, 2021-05 ,220.0,tab2fasta/1.1.0
255, 2021-05 ,218.0,bedtools_sortbed/2.30.0
256, 2021-05 ,218.0,porechop/0.2.3
257, 2021-05 ,215.0,roary/3.13.0+galaxy1
258, 2021-05 ,215.0,samtools_bedcov/2.0.2
259, 2021-05 ,214.0,collapse_dataset/5.1.0
260, 2021-05 ,214.0,mothur_pre_cluster/1.39.5.0
261, 2021-05 ,214.0,CONVERTER_vcf_bgzip_to_tabix_0/CONVERTER_vcf_bgzip_to_tabix_0
262, 2021-05 ,214.0,ncbi_acc_download/0.2.5+galaxy0
263, 2021-05 ,211.0,charts/1.0.1
264, 2021-05 ,210.0,sam_to_bam/2.1.1
265, 2021-05 ,209.0,diffbind/2.10.0
266, 2021-05 ,208.0,mummer_nucmer/4.0.0beta2+galaxy1
267, 2021-05 ,206.0,fastq_paired_end_interlacer/1.2.0.1+galaxy0
268, 2021-05 ,206.0,mothur_cluster_split/1.39.5.0
269, 2021-05 ,205.0,wc_gnu/wc_gnu
270, 2021-05 ,205.0,mothur_filter_seqs/1.39.5.0
271, 2021-05 ,202.0,velvetg/1.2.10.2
272, 2021-05 ,200.0,tp_replace_in_line/1.1.1
273, 2021-05 ,199.0,tp_replace_in_column/1.1.3
274, 2021-05 ,196.0,iqtree/1.5.5.3
275, 2021-05 ,196.0,picard_CleanSam/2.18.2.1
276, 2021-05 ,194.0,macs2_predictd/2.1.1.20160309.1
277, 2021-05 ,194.0,goenrichment/2.0.1
278, 2021-05 ,192.0,collapse_dataset/4.2
279, 2021-05 ,187.0,CONVERTER_interval_to_bed12_0/CONVERTER_interval_to_bed12_0
280, 2021-05 ,186.0,mothur_remove_lineage/1.39.5.0
281, 2021-05 ,185.0,bedtools_intersectbed/2.29.0
282, 2021-05 ,183.0,seq_filter_by_id/0.2.7
283, 2021-05 ,182.0,anndata_manipulate/0.7.5+galaxy0
284, 2021-05 ,182.0,fastq_stats/1.1.5
285, 2021-05 ,182.0,Add_a_column1/1.5
286, 2021-05 ,182.0,ivar_consensus/1.3.1+galaxy0
287, 2021-05 ,181.0,mothur_chimera_vsearch/1.39.5.2
288, 2021-05 ,180.0,flye/2.6
289, 2021-05 ,180.0,fastq_paired_end_joiner/2.0.1.1+galaxy0
290, 2021-05 ,178.0,fasta2tab/1.1.0
291, 2021-05 ,177.0,__BUILD_LIST__/__BUILD_LIST__
292, 2021-05 ,176.0,ggplot2_pca/2.2.1
293, 2021-05 ,174.0,fastq_to_tabular/1.1.5
294, 2021-05 ,174.0,fastqc/0.63
295, 2021-05 ,173.0,tp_awk_tool/1.1.2
296, 2021-05 ,171.0,cshl_fastx_trimmer/1.0.0
297, 2021-05 ,170.0,mothur_classify_otu/1.39.5.0
298, 2021-05 ,170.0,tp_sorted_uniq/1.1.0
299, 2021-05 ,169.0,filter_by_fasta_ids/2.3
300, 2021-05 ,169.0,ggplot2_heatmap/2.2.1
301, 2021-05 ,169.0,bp_genbank2gff3/1.1
302, 2021-05 ,168.0,gtftobed12/357
303, 2021-05 ,168.0,cuffmerge/2.2.1.2
304, 2021-05 ,168.0,EMBOSS: getorf42/5.0.0.1
305, 2021-05 ,167.0,filter_tabular/3.1.2
306, 2021-05 ,167.0,allele_counts_1/1.3.2
307, 2021-05 ,164.0,bedtools_bamtofastq/2.27.1
308, 2021-05 ,163.0,tximport/0.1
309, 2021-05 ,162.0,mothur_count_groups/1.39.5.0
310, 2021-05 ,159.0,snpfreqplot/1.0+galaxy3
311, 2021-05 ,159.0,gffread/2.2.1.2
312, 2021-05 ,156.0,fastqc/0.69
313, 2021-05 ,154.0,rseqc_geneBody_coverage/2.6.4.3
314, 2021-05 ,154.0,bwa_mem/0.1
315, 2021-05 ,153.0,featurecounts/1.6.4+galaxy2
316, 2021-05 ,147.0,tp_multijoin_tool/1.1.1
317, 2021-05 ,146.0,XY_Plot_1/1.0.2
318, 2021-05 ,144.0,hisat2/2.1.0+galaxy5
319, 2021-05 ,144.0,mothur_remove_seqs/1.39.5.0
320, 2021-05 ,144.0,anndata_inspect/0.7.5+galaxy0
321, 2021-05 ,143.0,ncbi_blastx_wrapper/2.10.1+galaxy0
322, 2021-05 ,142.0,rna_star/2.6.0b-1
323, 2021-05 ,142.0,ivar_variants/1.2.2+galaxy0
324, 2021-05 ,141.0,mothur_sub_sample/1.39.5.0
325, 2021-05 ,141.0,pathview/1.24.0+galaxy0
326, 2021-05 ,140.0,pilon/1.20.1
327, 2021-05 ,140.0,CONVERTER_bedgraph_to_bigwig/CONVERTER_bedgraph_to_bigwig
328, 2021-05 ,136.0,split_file_to_collection/0.5.0
329, 2021-05 ,135.0,sam_merge2/1.2.0
330, 2021-05 ,135.0,dada2_mergePairs/1.18+galaxy0
331, 2021-05 ,135.0,cshl_fastq_quality_boxplot/1.0.1
332, 2021-05 ,135.0,deeptools_multi_bigwig_summary/3.3.2.0.0
333, 2021-05 ,135.0,transdecoder/5.5.0+galaxy1
334, 2021-05 ,135.0,CONVERTER_ref_to_seq_taxomony/CONVERTER_ref_to_seq_taxomony
335, 2021-05 ,135.0,picard_AddOrReplaceReadGroups/1.126.0
336, 2021-05 ,134.0,samtools_fastx/1.9+galaxy1
337, 2021-05 ,133.0,CONVERTER_fasta_to_fai/CONVERTER_fasta_to_fai
338, 2021-05 ,132.0,Show tail1/Show tail1
339, 2021-05 ,132.0,samtools_calmd/2.0.2
340, 2021-05 ,131.0,metaspades/3.9.0
341, 2021-05 ,131.0,fastqe/0.2.6+galaxy1
342, 2021-05 ,130.0,fgsea/1.8.0+galaxy1
343, 2021-05 ,126.0,addName/0.2.0
344, 2021-05 ,125.0,varscan_mpileup/2.4.3.1
345, 2021-05 ,125.0,bioext_bam2msa/0.19.7.0
346, 2021-05 ,124.0,trim_galore/0.4.3.1
347, 2021-05 ,124.0,meme_chip/4.11.2+galaxy1
348, 2021-05 ,122.0,meme_meme/5.0.5.0
349, 2021-05 ,122.0,EMBOSS: needle56/5.0.0.1
350, 2021-05 ,121.0,scanpy_inspect/1.7.1+galaxy0
351, 2021-05 ,121.0,vcfbreakcreatemulti/1.0.0_rc3+galaxy0
352, 2021-05 ,121.0,addValue/addValue
353, 2021-05 ,121.0,__FLATTEN__/__FLATTEN__
354, 2021-05 ,120.0,megahit/1.1.3.5
355, 2021-05 ,120.0,EMBOSS: union105/5.0.0
356, 2021-05 ,118.0,featurecounts/1.6.4+galaxy1
357, 2021-05 ,118.0,samtools_merge/1.9
358, 2021-05 ,118.0,deeptools_plot_pca/3.3.2.0.0
359, 2021-05 ,117.0,tophat2/0.9
360, 2021-05 ,117.0,maker/2.31.11
361, 2021-05 ,117.0,CONVERTER_cram_to_bam_0/CONVERTER_cram_to_bam_0
362, 2021-05 ,116.0,cufflinks/2.2.1.0
363, 2021-05 ,115.0,bcftools_norm/1.10
364, 2021-05 ,115.0,bedtools_mergebed/2.30.0
365, 2021-05 ,113.0,snpEff_databases/4.3+T.galaxy2
366, 2021-05 ,112.0,snpsift_vartype/4.3+t.galaxy0
367, 2021-05 ,112.0,samtools_split/1.9
368, 2021-05 ,112.0,repeatmasker_wrapper/4.0.9
369, 2021-05 ,111.0,gd_raxml/1.0.0
370, 2021-05 ,110.0,ncbi_tblastn_wrapper/2.10.1+galaxy0
371, 2021-05 ,110.0,bcftools_query_list_samples/1.10
372, 2021-05 ,109.0,mummer_dnadiff/4.0.0beta2+galaxy1
373, 2021-05 ,109.0,rgweblogo3/3.5.0
374, 2021-05 ,108.0,mothur_fastq_info/1.39.5.0
375, 2021-05 ,108.0,mothur_trim_seqs/1.39.5.0
376, 2021-05 ,107.0,bg_diamond/0.9.29.0
377, 2021-05 ,106.0,CONVERTER_gff_to_bed_0/CONVERTER_gff_to_bed_0
378, 2021-05 ,106.0,bioext_bealign/0.19.7.0
379, 2021-05 ,106.0,interactive_tool_rstudio/interactive_tool_rstudio
380, 2021-05 ,105.0,EMBOSS: transeq101/5.0.0
381, 2021-05 ,105.0,mothur_cluster/1.39.5.0
382, 2021-05 ,104.0,collapse_dataset/4.1
383, 2021-05 ,104.0,maxquant/1.6.10.43+galaxy3
384, 2021-05 ,103.0,gatk4_mutect2/4.1.7.0+galaxy02
385, 2021-05 ,103.0,__EXPORT_HISTORY__/__EXPORT_HISTORY__
386, 2021-05 ,103.0,picard_NormalizeFasta/2.18.2.1
387, 2021-05 ,103.0,augustus_training/3.3.3
388, 2021-05 ,102.0,varscan_somatic/2.4.3.6
389, 2021-05 ,102.0,augustus/3.3.3
390, 2021-05 ,101.0,hgv_david/hgv_david
391, 2021-05 ,101.0,picard_CollectInsertSizeMetrics/2.18.2.1
392, 2021-05 ,101.0,vegan_diversity/2.4-3
393, 2021-05 ,100.0,mothur_rename_seqs/1.39.5.0
394, 2021-05 ,100.0,scanpy_cluster_reduce_dimension/1.7.1+galaxy0
395, 2021-05 ,100.0,kraken-report/1.3.1
396, 2021-05 ,98.0,pygenomeTracks/3.6
397, 2021-05 ,98.0,gff2bed1/gff2bed1
398, 2021-05 ,98.0,multiqc/1.8+galaxy1
399, 2021-05 ,98.0,bcftools_reheader/1.10
400, 2021-05 ,98.0,regex1/1.0.1
401, 2021-05 ,98.0,mummer_mummer/4.0.0beta2+galaxy1
402, 2021-05 ,98.0,samtools_markdup/1.9+galaxy2
403, 2021-05 ,96.0,deeptools_plot_heatmap/3.1.2.0.1
404, 2021-05 ,94.0,mothur_get_groups/1.39.5.0
405, 2021-05 ,94.0,deeptools_plot_fingerprint/3.3.2.0.0
406, 2021-05 ,94.0,bedtools_subtractbed/2.30.0
407, 2021-05 ,94.0,trimmomatic/0.36.5
408, 2021-05 ,93.0,bcftools_concat/1.10
409, 2021-05 ,93.0,mothur_dist_seqs/1.39.5.0
410, 2021-05 ,91.0,CONVERTER_fasta_to_len/CONVERTER_fasta_to_len
411, 2021-05 ,91.0,gprofiler_gost/0.1.7+galaxy11
412, 2021-05 ,90.0,fasta_compute_length/1.0.3
413, 2021-05 ,90.0,table_annovar/0.1
414, 2021-05 ,89.0,varscan/0.1
415, 2021-05 ,89.0,picard_MarkDuplicates/2.7.1.1
416, 2021-05 ,88.0,qualimap_bamqc/2.2.2d+galaxy1
417, 2021-05 ,88.0,miniasm/0.3+galaxy0
418, 2021-05 ,88.0,Extract_features1/Extract_features1
419, 2021-05 ,87.0,mergeCols1/mergeCols1
420, 2021-05 ,87.0,mothur_remove_groups/1.39.5.0
421, 2021-05 ,87.0,ggplot2_point/2.2.1+galaxy2
422, 2021-05 ,86.0,taxonomy_krona_chart/2.6.1.1
423, 2021-05 ,86.0,varscan_copynumber/2.4.3.2
424, 2021-05 ,84.0,intervene_pairwise/0.6.4
425, 2021-05 ,84.0,vcfcombine/1.0.0_rc3+galaxy0
426, 2021-05 ,84.0,CONVERTER_bed_to_gff_0/CONVERTER_bed_to_gff_0
427, 2021-05 ,84.0,CONVERTER_len_to_linecount/CONVERTER_len_to_linecount
428, 2021-05 ,84.0,__RELABEL_FROM_FILE__/__RELABEL_FROM_FILE__
429, 2021-05 ,83.0,bowtie_wrapper/1.2.0
430, 2021-05 ,83.0,scanpy_filter/1.7.1+galaxy0
431, 2021-05 ,82.0,samtools_mpileup/2.1.3
432, 2021-05 ,82.0,bwa_mem/0.7.15.1
433, 2021-05 ,82.0,picard_FastqToSam/2.18.2.1
434, 2021-05 ,81.0,gffcompare/0.11.2
435, 2021-05 ,81.0,dexseq/1.28.1+galaxy1
436, 2021-05 ,80.0,column_order_header_sort/0.0.1
437, 2021-05 ,80.0,liftOver1/liftOver1
438, 2021-05 ,80.0,cshl_fastx_clipper/1.0.3+galaxy0
439, 2021-05 ,80.0,bed2gff1/bed2gff1
440, 2021-05 ,79.0,tp_tail_tool/1.1.0
441, 2021-05 ,77.0,mimodd_map/0.1.9
442, 2021-05 ,77.0,intervene_upset/0.6.4
443, 2021-05 ,76.0,ncbi_blastn_wrapper/0.3.0
444, 2021-05 ,76.0,bowtie2/2.3.2.2
445, 2021-05 ,76.0,trimmomatic/0.36.6
446, 2021-05 ,75.0,mothur_venn/1.39.5.0
447, 2021-05 ,75.0,staramr_search/0.5.1
448, 2021-05 ,75.0,histogram_rpy/1.0.4
449, 2021-05 ,75.0,picard_CollectRnaSeqMetrics/2.18.2.2
450, 2021-05 ,75.0,regexColumn1/1.0.1
451, 2021-05 ,74.0,bedtools_closestbed/2.30.0
452, 2021-05 ,73.0,mimodd_vcf_filter/0.1.9
453, 2021-05 ,73.0,subtract_query1/0.1
454, 2021-05 ,73.0,ucsc_table_direct_archaea1/ucsc_table_direct_archaea1
455, 2021-05 ,72.0,MAF_To_Fasta1/MAF_To_Fasta1
456, 2021-05 ,71.0,flash/1.2.11.4
457, 2021-05 ,71.0,megablast_wrapper/1.2.0
458, 2021-05 ,70.0,CONVERTER_bed_to_bgzip_0/CONVERTER_bed_to_bgzip_0
459, 2021-05 ,69.0,rna_starsolo/2.7.8a
460, 2021-05 ,69.0,annotatemyids/3.7.0+galaxy2
461, 2021-05 ,69.0,pca1/1.0.2
462, 2021-05 ,69.0,poretools_extract/0.6.1a1.0
463, 2021-05 ,68.0,egsea/1.10.0
464, 2021-05 ,68.0,medaka_consensus/1.0.3+galaxy2
465, 2021-05 ,68.0,mothur_seq_error/1.39.5.0
466, 2021-05 ,67.0,tb_profiler_profile/2.8.14+galaxy1
467, 2021-05 ,67.0,EMBOSS: cusp17/5.0.0
468, 2021-05 ,66.0,sam2interval/1.0.2
469, 2021-05 ,66.0,plotdexseq/1.28.1.0
470, 2021-05 ,66.0,fastq_combiner/1.1.5
471, 2021-05 ,66.0,bedtools_fisher/2.30.0
472, 2021-05 ,66.0,get_flanks1/1.0.0
473, 2021-05 ,65.0,fastq_filter/1.1.1
474, 2021-05 ,65.0,prinseq/0.20.4
475, 2021-05 ,65.0,rseqc_FPKM_count/2.6.4.1
476, 2021-05 ,65.0,circos_wiggle_to_scatter/0.69.8+galaxy7
477, 2021-05 ,64.0,anndata_import/0.7.5+galaxy0
478, 2021-05 ,64.0,bedtools_bedtobam/2.30.0
479, 2021-05 ,63.0,minimap2/2.17+galaxy2
480, 2021-05 ,62.0,medaka_variant/1.0.3+galaxy3
481, 2021-05 ,62.0,bandage_info/0.8.1+galaxy1
482, 2021-05 ,62.0,migmap/1.0.3+galaxy1
483, 2021-05 ,62.0,mlst/2.19.0
484, 2021-05 ,61.0,hisat2/2.1.0+galaxy4
485, 2021-05 ,61.0,picard_MergeSamFiles/1.126.0
486, 2021-05 ,60.0,rnaspades/3.9.0.2
487, 2021-05 ,60.0,vcfselectsamples/1.0.0_rc3+galaxy0
488, 2021-05 ,60.0,CONVERTER_bed_to_fli_0/CONVERTER_bed_to_fli_0
489, 2021-05 ,59.0,umi_tools_extract/0.5.5.1
490, 2021-05 ,59.0,gops_coverage_1/1.0.0
491, 2021-05 ,59.0,cshl_fastx_quality_statistics/1.0.1
492, 2021-05 ,59.0,mothur_summary_single/1.39.5.2
493, 2021-05 ,58.0,heatmap_1/1.0.0
494, 2021-05 ,58.0,picard_MergeBamAlignment/2.18.2.1
495, 2021-05 ,58.0,mothur_make_contigs/1.39.5.0
496, 2021-05 ,57.0,EMBOSS: fuzznuc37/5.0.2
497, 2021-05 ,57.0,bcftools_convert_to_vcf/1.10
498, 2021-05 ,56.0,rbc_splitfasta/0.4.0
499, 2021-05 ,56.0,CONVERTER_gff_to_fli_0/CONVERTER_gff_to_fli_0
500, 2021-05 ,56.0,trinity_run_de_analysis/2.9.1
501, 2021-05 ,56.0,bedtools_windowbed/2.30.0
502, 2021-05 ,55.0,Add_a_column1/1.2.0
503, 2021-05 ,55.0,bg_find_subsequences/0.2
504, 2021-05 ,55.0,mothur_merge_files/1.39.5.0
505, 2021-05 ,55.0,seqtk_subseq/1.3.1
506, 2021-05 ,54.0,CONVERTER_gff_to_interval_index_0/CONVERTER_gff_to_interval_index_0
507, 2021-05 ,54.0,uniprot/0.2
508, 2021-05 ,54.0,hifiasm/0.14+galaxy0
509, 2021-05 ,54.0,EMBOSS: pepstats71/5.0.0
510, 2021-05 ,53.0,biom_convert/2.1.5.3
511, 2021-05 ,53.0,pe_histogram/1.0.1
512, 2021-05 ,53.0,velvetg/1.2.10.1
513, 2021-05 ,53.0,CONVERTER_fasta_to_2bit/CONVERTER_fasta_to_2bit
514, 2021-05 ,52.0,EMBOSS: wordcount109/5.0.0.1
515, 2021-05 ,51.0,dropletutils/1.10.0+galaxy1
516, 2021-05 ,51.0,CONVERTER_bam_to_qname_sorted_bam/CONVERTER_bam_to_qname_sorted_bam
517, 2021-05 ,51.0,tp_awk_tool/1.1.1
518, 2021-05 ,51.0,column_remove_by_header/0.0.1
519, 2021-05 ,50.0,flanking_features_1/4.0.1
520, 2021-05 ,50.0,freebayes/0.4
521, 2021-05 ,49.0,rseqc_junction_annotation/2.6.4.1
522, 2021-05 ,49.0,datamash_transpose/1.1.0
523, 2021-05 ,49.0,mimodd_varreport/0.1.9
524, 2021-05 ,49.0,cshl_fastx_artifacts_filter/1.0.1+galaxy0
525, 2021-05 ,48.0,CONVERTER_bed_to_tabix_0/CONVERTER_bed_to_tabix_0
526, 2021-05 ,47.0,circgraph/0.9-RC2
527, 2021-05 ,47.0,picard_MarkDuplicates/1.126.0
528, 2021-05 ,46.0,plant_tribes_assembly_post_processor/1.0.3.0
529, 2021-05 ,46.0,bedtools_multicovtbed/2.30.0
530, 2021-05 ,46.0,macs2_bdgbroadcall/2.1.1.20160309.0
531, 2021-05 ,46.0,deeptools_plot_enrichment/3.3.2.0.0
532, 2021-05 ,46.0,star_fusion/0.5.4-3+galaxy1
533, 2021-05 ,45.0,dada2_learnErrors/1.18+galaxy0
534, 2021-05 ,45.0,bedtools_getfastabed/2.29.0
535, 2021-05 ,45.0,mummer_mummerplot/4.0.0beta2+galaxy1
536, 2021-05 ,45.0,mothur_make_fastq/1.39.5.0
537, 2021-05 ,44.0,rna_star/2.7.5b
538, 2021-05 ,44.0,jcvi_gff_stats/0.8.4
539, 2021-05 ,44.0,trinity_abundance_estimates_to_matrix/2.9.1
540, 2021-05 ,44.0,progressivemauve/2015_02_13.0
541, 2021-05 ,44.0,seurat/3.2.2+galaxy0
542, 2021-05 ,44.0,bedtools_genomecoveragebed/2.29.0
543, 2021-05 ,43.0,circos_tableviewer/0.69.8+galaxy7
544, 2021-05 ,43.0,cshl_fastx_trimmer/1.0.1
545, 2021-05 ,43.0,bg_diamond_makedb/0.9.29
546, 2021-05 ,43.0,length_and_gc_content/0.1.1
547, 2021-05 ,43.0,bedtools_bamtobed/2.29.2
548, 2021-05 ,42.0,CONVERTER_vcf_to_bgzip_0/CONVERTER_vcf_to_bgzip_0
549, 2021-05 ,42.0,cuffdiff/2.2.1.3
550, 2021-05 ,42.0,bamFilter/0.0.1
551, 2021-05 ,42.0,picard_CleanSam/1.126.0
552, 2021-05 ,42.0,samtools_slice_bam/2.0
553, 2021-05 ,42.0,newick_display/1.6
554, 2021-05 ,42.0,trimmer/trimmer
555, 2021-05 ,41.0,genrich/0.5+galaxy2
556, 2021-05 ,41.0,rseqc_tin/2.6.4.1
557, 2021-05 ,41.0,bowtie_wrapper/1.1.2
558, 2021-05 ,41.0,fastq_manipulation/1.1.5
559, 2021-05 ,40.0,deeptools_compute_matrix/3.1.2.0.0
560, 2021-05 ,40.0,cuffmerge/2.2.1.0
561, 2021-05 ,39.0,CONVERTER_bz2_to_uncompressed/CONVERTER_bz2_to_uncompressed
562, 2021-05 ,39.0,fastq_to_fasta_python/1.1.1
563, 2021-05 ,39.0,ivar_variants/1.3.1+galaxy0
564, 2021-05 ,39.0,interactive_tool_jupyter_notebook/interactive_tool_jupyter_notebook
565, 2021-05 ,39.0,mothur_screen_seqs/1.39.5.0
566, 2021-05 ,38.0,kraken-translate/1.3.1
567, 2021-05 ,38.0,sickle/1.33.2
568, 2021-05 ,38.0,mimodd_varcall/0.1.9
569, 2021-05 ,38.0,PlasFlow/1.0
570, 2021-05 ,38.0,dada2_makeSequenceTable/1.18+galaxy0
571, 2021-05 ,38.0,cshl_fastq_quality_filter/1.0.1
572, 2021-05 ,37.0,cshl_fasta_formatter/1.0.1
573, 2021-05 ,37.0,fastq_paired_end_joiner/2.0.1.0
574, 2021-05 ,37.0,tp_uniq_tool/1.1.1
575, 2021-05 ,37.0,cshl_fastx_nucleotides_distribution/1.0.1
576, 2021-05 ,37.0,vsearch_chimera_detection/1.9.7.0
577, 2021-05 ,37.0,macs2_bdgcmp/2.1.1.20160309.0
578, 2021-05 ,36.0,mothur_pcoa/1.39.5.0
579, 2021-05 ,35.0,dada2_seqCounts/1.18+galaxy0
580, 2021-05 ,35.0,__ZIP_COLLECTION__/__ZIP_COLLECTION__
581, 2021-05 ,35.0,maxbin2/2.2.7+galaxy2
582, 2021-05 ,35.0,cummeRbund/2.16.0+galaxy1
583, 2021-05 ,35.0,fasplit/357
584, 2021-05 ,34.0,crossmap_vcf/0.3.7+galaxy1
585, 2021-05 ,34.0,EMBOSS: cpgplot15/5.0.0
586, 2021-05 ,34.0,rseqc_mismatch_profile/2.6.4
587, 2021-05 ,34.0,gd_phylogenetic_tree/1.1.0
588, 2021-05 ,34.0,featurecounts/1.6.3+galaxy2
589, 2021-05 ,34.0,bcftools_merge/1.10
590, 2021-05 ,34.0,ruvseq/1.16.0+galaxy1
591, 2021-05 ,34.0,fasta_concatenate0/0.0.1
592, 2021-05 ,34.0,kraken_taxonomy_report/0.0.2
593, 2021-05 ,34.0,bedtools_maskfastabed/2.30.0
594, 2021-05 ,33.0,gfa_to_fa/0.1.2
595, 2021-05 ,33.0,scanpy_remove_confounders/1.7.1+galaxy0
596, 2021-05 ,33.0,multiqc/1.6
597, 2021-05 ,33.0,EMBOSS: extractseq35/5.0.0
598, 2021-05 ,33.0,query_tabular/3.1.2
599, 2021-05 ,33.0,tp_split_on_column/0.2
600, 2021-05 ,32.0,CONVERTER_vcf_to_tabix_0/CONVERTER_vcf_to_tabix_0
601, 2021-05 ,32.0,dada2_plotQualityProfile/1.18+galaxy0
602, 2021-05 ,31.0,jq/1.0
603, 2021-05 ,31.0,gd_new_oscar/1.0.0
604, 2021-05 ,31.0,sequence_content_trimmer/0.1
605, 2021-05 ,31.0,EMBOSS: newcpgreport57/5.0.0.1
606, 2021-05 ,31.0,vcftools_annotate/0.1
607, 2021-05 ,31.0,mummer_delta_filter/4.0.0beta2+galaxy1
608, 2021-05 ,31.0,exomedepth/1.1.0
609, 2021-05 ,31.0,EMBOSS: dotmatcher24/5.0.0.1
610, 2021-05 ,30.0,khmer_abundance_distribution_single/3.0.0a3+galaxy1
611, 2021-05 ,30.0,createInterval/createInterval
612, 2021-05 ,30.0,fastq_dump/2.10.8+galaxy0
613, 2021-05 ,30.0,CONVERTER_sam_to_bigwig_0/CONVERTER_sam_to_bigwig_0
614, 2021-05 ,30.0,dada2_assignTaxonomyAddspecies/1.18+galaxy0
615, 2021-05 ,30.0,samtools_view/1.9+galaxy1
616, 2021-05 ,30.0,freebayes/1.1.0.46-0
617, 2021-05 ,30.0,trinotate/3.2.1
618, 2021-05 ,29.0,snippy_core/4.5.0
619, 2021-05 ,29.0,mothur_pcr_seqs/1.39.5.0
620, 2021-05 ,29.0,CONVERTER_interval_to_bigwig_0/CONVERTER_interval_to_bigwig_0
621, 2021-05 ,29.0,pipelign/0.2+galaxy0
622, 2021-05 ,29.0,vcfbedintersect/1.0.0_rc3+galaxy0
623, 2021-05 ,29.0,dada2_plotComplexity/1.18+galaxy0
624, 2021-05 ,29.0,bedtools_overlapbed/2.30.0
625, 2021-05 ,28.0,scanpy_normalize/1.7.1+galaxy0
626, 2021-05 ,27.0,mothur_unifrac_weighted/1.39.5.0
627, 2021-05 ,27.0,gd_pca/1.0.0
628, 2021-05 ,27.0,bedtools_clusterbed/2.30.0
629, 2021-05 ,27.0,EMBOSS: primersearch81/5.0.0.1
630, 2021-05 ,27.0,__IMPORT_HISTORY__/__IMPORT_HISTORY__
631, 2021-05 ,27.0,ebi_search_rest_results/0.1.1
632, 2021-05 ,27.0,mothur_summary_single/1.39.5.0
633, 2021-05 ,27.0,Summary_Statistics1/Summary_Statistics1
634, 2021-05 ,27.0,snap_training/2013_11_29+galaxy1
635, 2021-05 ,26.0,lofreq_alnqual/2.1.5+galaxy0
636, 2021-05 ,26.0,mummer_show_coords/4.0.0beta2+galaxy1
637, 2021-05 ,26.0,picard_CollectWgsMetrics/2.18.2.1
638, 2021-05 ,26.0,cuffquant/2.2.1.1
639, 2021-05 ,26.0,shovill/1.0.4+galaxy1
640, 2021-05 ,26.0,jbrowse/1.16.8+galaxy0
641, 2021-05 ,25.0,bcftools_stats/1.10
642, 2021-05 ,25.0,crossmap_bed/0.3.7+galaxy1
643, 2021-05 ,25.0,export2graphlan/0.20+galaxy0
644, 2021-05 ,25.0,sina/1.7.2+galaxy0
645, 2021-05 ,25.0,picard_ReorderSam/2.18.2.1
646, 2021-05 ,25.0,vcfsort/1.0.0_rc3+galaxy0
647, 2021-05 ,25.0,rseqc_junction_saturation/2.6.4.1
648, 2021-05 ,25.0,macs2_randsample/2.1.1.20160309.1
649, 2021-05 ,24.0,mothur_unifrac_unweighted/1.39.5.0
650, 2021-05 ,24.0,pizzly/0.37.3.1
651, 2021-05 ,24.0,vcfgenotypes/1.0.0_rc3+galaxy0
652, 2021-05 ,24.0,goslimmer/1.0.1
653, 2021-05 ,24.0,mimodd_varextract/0.1.9
654, 2021-05 ,24.0,gd_multiple_to_gd_genotype/1.0.0
655, 2021-05 ,24.0,__FILTER_FROM_FILE__/__FILTER_FROM_FILE__
656, 2021-05 ,23.0,rseqc_read_quality/2.6.4
657, 2021-05 ,23.0,tophat2/2.1.0
658, 2021-05 ,23.0,gmx_setup/2020.2+galaxy0
659, 2021-05 ,23.0,bedtools_slopbed/2.30.0
660, 2021-05 ,23.0,cuffcompare/2.2.1.2
661, 2021-05 ,23.0,multiqc/1.7
662, 2021-05 ,23.0,prokka/1.12.0
663, 2021-05 ,22.0,bcftools_isec/1.10
664, 2021-05 ,22.0,vcffilter2/1.0.0_rc1+galaxy1
665, 2021-05 ,22.0,picard_DownsampleSam/2.18.2.1
666, 2021-05 ,22.0,ococo/0.1.2.6
667, 2021-05 ,22.0,mothur_merge_groups/1.39.5.0
668, 2021-05 ,22.0,kraken-mpa-report/1.2.4
669, 2021-05 ,21.0,plant_tribes_kaks_analysis/1.0.3.0
670, 2021-05 ,21.0,macs2_filterdup/2.1.1.20160309.1
671, 2021-05 ,21.0,rseqc_bam2wig/2.6.4
672, 2021-05 ,21.0,vegan_rarefaction/2.4-3
673, 2021-05 ,21.0,mothur_make_lefse/1.39.5.0
674, 2021-05 ,21.0,naive_variant_caller/0.0.2
675, 2021-05 ,21.0,bamtools_split/2.4.0
676, 2021-05 ,21.0,fastq_combiner/1.0.1
677, 2021-05 ,21.0,cd_hit_dup/0.0.1
678, 2021-05 ,21.0,bedtools_makewindowsbed/2.30.0
679, 2021-05 ,21.0,bedtools_subtractbed/2.29.2
680, 2021-05 ,21.0,circos_wiggle_to_stacked/0.69.8+galaxy7
681, 2021-05 ,20.0,EMBOSS: compseq14/5.0.0.1
682, 2021-05 ,20.0,random_lines1/random_lines1
683, 2021-05 ,20.0,pileup_interval/1.0.3
684, 2021-05 ,20.0,filtlong/0.2.0
685, 2021-05 ,20.0,hyphy_meme/2.5.31+galaxy2
686, 2021-05 ,20.0,idr/2.0.3
687, 2021-05 ,20.0,kc-align/1.0.2
688, 2021-05 ,20.0,dropletutils/1.2.1+2
689, 2021-05 ,20.0,vsearch_chimera_detection/2.8.3.0
690, 2021-05 ,20.0,mothur_clearcut/1.39.5.0
691, 2021-05 ,20.0,scikit_bio_diversity_beta_diversity/0.4.2.0
692, 2021-05 ,20.0,bedtools_flankbed/2.30.0
693, 2021-05 ,20.0,gmx_solvate/2020.2+galaxy0
694, 2021-05 ,20.0,allele_counts_1/1.2
695, 2021-05 ,20.0,__EXPORT_HISTORY_TO_URI__/__EXPORT_HISTORY_TO_URI__
696, 2021-05 ,20.0,CONVERTER_wig_to_bigwig/CONVERTER_wig_to_bigwig
697, 2021-05 ,19.0,htseq_count/0.6.1galaxy1
698, 2021-05 ,19.0,trinity_filter_low_expr_transcripts/2.9.1
699, 2021-05 ,19.0,mothur_chimera_vsearch/1.39.5.1
700, 2021-05 ,19.0,samtools_fixmate/1.9
701, 2021-05 ,19.0,Interval2Maf1/Interval2Maf1
702, 2021-05 ,19.0,plant_tribes_gene_family_classifier/1.0.3.0
703, 2021-05 ,19.0,crossmap_gff/0.3.7+galaxy1
704, 2021-05 ,18.0,bedtools_groupbybed/2.30.0
705, 2021-05 ,18.0,dada2_removeBimeraDenovo/1.18+galaxy0
706, 2021-05 ,18.0,hgv_linkToGProfile/hgv_linkToGProfile
707, 2021-05 ,18.0,collection_element_identifiers/0.0.2
708, 2021-05 ,18.0,masigpro/1.49.3.1+galaxy1
709, 2021-05 ,18.0,ebi_metagenomics_run_downloader/0.1.0
710, 2021-05 ,18.0,mothur_phylotype/1.39.5.0
711, 2021-05 ,18.0,microsatellite/1.0.0
712, 2021-05 ,18.0,gene2exon1/gene2exon1
713, 2021-05 ,18.0,bedtools_reldistbed/2.30.0
714, 2021-05 ,18.0,tabular_to_fastq/1.1.5
715, 2021-05 ,18.0,crossmap_wig/0.3.7+galaxy1
716, 2021-05 ,18.0,macs2_bdgdiff/2.1.1.20160309.1
717, 2021-05 ,17.0,mothur_remove_seqs/1.36.1.0
718, 2021-05 ,17.0,CONVERTER_Bam_Bai_0/CONVERTER_Bam_Bai_0
719, 2021-05 ,17.0,count_gff_features/0.2
720, 2021-05 ,17.0,sklearn_numeric_clustering/1.0.8.2
721, 2021-05 ,17.0,EMBOSS: dottup26/5.0.0.1
722, 2021-05 ,17.0,bowtie2/2.2.6.2
723, 2021-05 ,17.0,gffcompare_to_bed/0.2.1
724, 2021-05 ,17.0,meme_fimo/5.0.5.0
725, 2021-05 ,17.0,__UNZIP_COLLECTION__/__UNZIP_COLLECTION__
726, 2021-05 ,17.0,fastq_dump/2.10.4+galaxy1
727, 2021-05 ,17.0,deseq2/2.11.39
728, 2021-05 ,17.0,cuffcompare/2.2.1.0
729, 2021-05 ,16.0,bamSplit/2.4.0
730, 2021-05 ,16.0,basil/1.2.0
731, 2021-05 ,16.0,gprofiler_snpense/0.1.7+galaxy11
732, 2021-05 ,16.0,CONVERTER_interval_to_bgzip_0/CONVERTER_interval_to_bgzip_0
733, 2021-05 ,16.0,disco/1.2.0
734, 2021-05 ,16.0,msstats/3.22.0.0
735, 2021-05 ,16.0,bedtools_coveragebed/2.30.0
736, 2021-05 ,16.0,deeptools_plot_heatmap/3.3.0.0.1
737, 2021-05 ,16.0,EMBOSS: etandem33/5.0.0.1
738, 2021-05 ,16.0,bedtools_slopbed/2.29.0
739, 2021-05 ,15.0,umi_tools_count/0.5.5.1
740, 2021-05 ,15.0,rnaspades/3.9.0.1
741, 2021-05 ,15.0,vcffixup/1.0.0_rc3+galaxy0
742, 2021-05 ,15.0,vcfgeno2haplo/1.0.0_rc3+galaxy0
743, 2021-05 ,15.0,bwa/0.4.2
744, 2021-05 ,15.0,EMBOSS: plotcon75/5.0.0.1
745, 2021-05 ,15.0,crossmap_bam/0.3.7+galaxy1
746, 2021-05 ,15.0,tp_easyjoin_tool/1.0.0
747, 2021-05 ,15.0,cuffnorm/2.2.1.3
748, 2021-05 ,15.0,bedtools_unionbedgraph/2.30.0
749, 2021-05 ,15.0,generate_matrix_for_pca_and_lda1/1.0.0
750, 2021-05 ,15.0,mothur_summary_tax/1.39.5.0
751, 2021-05 ,15.0,fasta_filter_by_length/1.1
752, 2021-05 ,15.0,bacteria_tradis/1.4.5+galaxy2
753, 2021-05 ,15.0,snpSift_vcfCheck/4.3+t.galaxy0
754, 2021-05 ,15.0,gops_basecoverage_1/1.0.0
755, 2021-05 ,15.0,predict_pipeline/1.0
756, 2021-05 ,15.0,EMBOSS: equicktandem31/5.0.0.1
757, 2021-05 ,15.0,picard_MarkDuplicates/2.18.2.1
758, 2021-05 ,15.0,rapidnj/2.3.2
759, 2021-05 ,15.0,trinity_super_transcripts/2.9.1
760, 2021-05 ,15.0,quast/5.0.2+galaxy0
761, 2021-05 ,14.0,mothur_heatmap_bin/1.39.5.0
762, 2021-05 ,14.0,snpSift_filter/4.3+t.galaxy0
763, 2021-05 ,14.0,EMBOSS: degapseq20/5.0.0
764, 2021-05 ,14.0,gff_filter_by_feature_count/gff_filter_by_feature_count
765, 2021-05 ,14.0,circos_bundlelinks/0.69.8+galaxy7
766, 2021-05 ,14.0,cat_prepare/5.0.3.0
767, 2021-05 ,14.0,biom_add_metadata/2.1.5.1
768, 2021-05 ,14.0,quast/4.6.3
769, 2021-05 ,14.0,seqtk_comp/1.3.1
770, 2021-05 ,14.0,bwa_mem/0.4.2
771, 2021-05 ,14.0,cshl_fastx_renamer/0.0.14+galaxy1
772, 2021-05 ,14.0,trinity_align_and_estimate_abundance/2.9.1
773, 2021-05 ,14.0,kraken-filter/1.3.1
774, 2021-05 ,14.0,snp_mapping_using_wgs/1.0.0
775, 2021-05 ,13.0,salmon/0.14.1.2+galaxy1
776, 2021-05 ,13.0,gff_filter_by_attribute/gff_filter_by_attribute
777, 2021-05 ,13.0,ctb_online_data_fetch/0.2
778, 2021-05 ,13.0,samtools_slice_bam/0.0.1
779, 2021-05 ,13.0,bedtools_annotatebed/2.30.0
780, 2021-05 ,13.0,bedtools_mergebed/2.29.2
781, 2021-05 ,13.0,bwameth/0.2.2
782, 2021-05 ,13.0,circos_gc_skew/0.69.8+galaxy7
783, 2021-05 ,13.0,ggplot2_violin/2.2.1+galaxy0
784, 2021-05 ,13.0,medaka_consensus_pipeline/1.0.3+galaxy2
785, 2021-05 ,13.0,unicycler/0.4.6.0
786, 2021-05 ,13.0,gd_coverage_distributions/1.0.0
787, 2021-05 ,12.0,EMBOSS: einverted28/5.0.0.1
788, 2021-05 ,12.0,get_pdb/0.1.0
789, 2021-05 ,12.0,bedtools_jaccard/2.30.0
790, 2021-05 ,12.0,cshl_fastx_renamer/0.0.11
791, 2021-05 ,12.0,vcf_to_maf_customtrack1/vcf_to_maf_customtrack1
792, 2021-05 ,12.0,CONVERTER_biom2_to_biom1/CONVERTER_biom2_to_biom1
793, 2021-05 ,12.0,vsearch_dereplication/2.8.3.0
794, 2021-05 ,12.0,hyphy_annotate/2.5.31
795, 2021-05 ,12.0,fastq_groomer/1.0.4
796, 2021-05 ,12.0,mothur_lefse/1.39.5.0
797, 2021-05 ,12.0,mimodd_sort/0.1.9
798, 2021-05 ,12.0,fastqc/0.64
799, 2021-05 ,12.0,Sff_extractor/Sff_extractor
800, 2021-05 ,12.0,tp_unfold_column_tool/1.1.1
801, 2021-05 ,12.0,rna_star/2.7.7a
802, 2021-05 ,12.0,gff_to_prot/3.0.2+galaxy0
803, 2021-05 ,12.0,snpSift_int/4.3+t.galaxy0
804, 2021-05 ,12.0,jbrowse_to_standalone/1.16.11+galaxy0
805, 2021-05 ,12.0,heinz_visualization/0.1.1
806, 2021-05 ,11.0,melt/1.4.2
807, 2021-05 ,11.0,EMBOSS: wordmatch110/5.0.0.1
808, 2021-05 ,11.0,vcfprimers/1.0.0_rc3+galaxy0
809, 2021-05 ,11.0,cat_contigs/5.0.3.1
810, 2021-05 ,11.0,sklearn_svm_classifier/1.0.8.2
811, 2021-05 ,11.0,ncbi_blastdbcmd_info/2.10.1+galaxy0
812, 2021-05 ,11.0,ivar_trim/1.3.1+galaxy0
813, 2021-05 ,11.0,seqtk_seq/1.3.3
814, 2021-05 ,11.0,gubbins/0.1.0
815, 2021-05 ,11.0,multiqc/1.9
816, 2021-05 ,11.0,tp_cut_tool/1.0.0
817, 2021-05 ,11.0,align_families/2.15
818, 2021-05 ,11.0,exonerate/2.4.0+galaxy2
819, 2021-05 ,10.0,tp_tac/1.1.0
820, 2021-05 ,10.0,bwa_wrapper/1.2.3
821, 2021-05 ,10.0,sam_bw_filter/1.0.0
822, 2021-05 ,10.0,hgv_funDo/1.0.0
823, 2021-05 ,10.0,pygenomeTracks/3.5
824, 2021-05 ,10.0,collapse_dataset/4.0
825, 2021-05 ,10.0,hyphy_slac/2.5.31+galaxy1
826, 2021-05 ,10.0,snpSift_dbnsfp/4.3.0
827, 2021-05 ,10.0,samtool_filter2/1.8
828, 2021-05 ,10.0,cshl_fasta_nucleotides_changer/1.0.2
829, 2021-05 ,10.0,picard_CollectHsMetrics/2.18.2
830, 2021-05 ,10.0,bedtools_coveragebed/2.29.2
831, 2021-05 ,10.0,samtools_flagstat/1.0.0
832, 2021-05 ,10.0,bedtools_bedtoigv/2.30.0
833, 2021-05 ,10.0,sklearn_ensemble/1.0.8.2
834, 2021-05 ,10.0,bcftools_view/0.0.1
835, 2021-05 ,9.0,samtools_idxstats/2.0
836, 2021-05 ,9.0,edger/3.20.7.2
837, 2021-05 ,9.0,mothur_parsimony/1.39.5.0
838, 2021-05 ,9.0,bedtools_spacingbed/2.30.0
839, 2021-05 ,9.0,hgv_sift/hgv_sift
840, 2021-05 ,9.0,kallisto_pseudo/0.46.0.1
841, 2021-05 ,9.0,bedtools_fisher/2.29.0
842, 2021-05 ,9.0,trim_reads/1.0.0
843, 2021-05 ,9.0,maker_map_ids/2.31.11
844, 2021-05 ,9.0,samtools_idxstats/2.0.1
845, 2021-05 ,9.0,bg_diamond_view/0.9.29
846, 2021-05 ,9.0,ivar_filtervariants/1.3.1+galaxy0
847, 2021-05 ,9.0,mothur_biom_info/1.39.5.0
848, 2021-05 ,9.0,deseq2/2.11.40.6
849, 2021-05 ,9.0,vcfannotategenotypes/1.0.0_rc3+galaxy0
850, 2021-05 ,9.0,featurecounts/1.6.2
851, 2021-05 ,9.0,blastxml_to_tabular/2.10.1+galaxy0
852, 2021-05 ,9.0,EMBOSS: extractfeat34/5.0.0.1
853, 2021-05 ,9.0,EMBOSS: dottup26/5.0.0
854, 2021-05 ,9.0,fasterq_dump/2.10.8+galaxy0
855, 2021-05 ,9.0,hyphy_gard/2.5.31+galaxy1
856, 2021-05 ,9.0,ncbi_blastdbcmd_wrapper/2.10.1+galaxy0
857, 2021-05 ,9.0,rseqc_geneBody_coverage/2.6.4.2
858, 2021-05 ,9.0,rseqc_infer_experiment/2.6.4
859, 2021-05 ,9.0,rseqc_inner_distance/2.6.4.1
860, 2021-05 ,9.0,gops_cluster_1/1.0.0
861, 2021-05 ,9.0,gops_complement_1/1.0.0
862, 2021-05 ,8.0,deeptools_compute_matrix/3.3.0.0.0
863, 2021-05 ,8.0,deseq2/2.1.8.3
864, 2021-05 ,8.0,prokka/1.13
865, 2021-05 ,8.0,EMBOSS: polydot77/5.0.0.1
866, 2021-05 ,8.0,rna_star/2.7.2b
867, 2021-05 ,8.0,EMBOSS: diffseq22/5.0.0.1
868, 2021-05 ,8.0,bowtie2/2.3.4.2
869, 2021-05 ,8.0,tn93_cluster/1.0.6
870, 2021-05 ,8.0,circos_binlinks/0.69.8+galaxy7
871, 2021-05 ,8.0,gtf_filter_by_attribute_values_list/gtf_filter_by_attribute_values_list
872, 2021-05 ,8.0,bandage_image/0.8.1+galaxy2
873, 2021-05 ,8.0,rseqc_RPKM_saturation/2.6.4.1
874, 2021-05 ,8.0,hyphy_cfel/2.5.31+galaxy1
875, 2021-05 ,8.0,picard_EstimateLibraryComplexity/2.18.2.1
876, 2021-05 ,8.0,hyphy_fel/2.5.31+galaxy1
877, 2021-05 ,8.0,picard_FilterSamReads/2.18.2.1
878, 2021-05 ,8.0,busco/4.1.4
879, 2021-05 ,8.0,deeptools_plot_profile/3.1.2.0.0
880, 2021-05 ,8.0,CONVERTER_interval_to_tabix_0/CONVERTER_interval_to_tabix_0
881, 2021-05 ,8.0,keras_model_config/0.5.0
882, 2021-05 ,8.0,cutadapt/1.16.5
883, 2021-05 ,8.0,vcftools_slice/0.1
884, 2021-05 ,8.0,vegan_fisher_alpha/2.4-3
885, 2021-05 ,8.0,EMBOSS: pepwheel72/5.0.0.1
886, 2021-05 ,8.0,vsearch_search/2.8.3.1
887, 2021-05 ,7.0,cor2/1.0.0
888, 2021-05 ,7.0,vsearch_sorting/2.8.3.0
889, 2021-05 ,7.0,tb_variant_filter/0.1.3+galaxy0
890, 2021-05 ,7.0,picard_BedToIntervalList/2.18.2.1
891, 2021-05 ,7.0,gd_cluster_kegg/1.0.0
892, 2021-05 ,7.0,bedtools_multiintersectbed/2.29.2
893, 2021-05 ,7.0,bcftools_plugin_fill_tags/1.10
894, 2021-05 ,7.0,gmx_em/2020.2+galaxy0
895, 2021-05 ,7.0,duplex/0.3
896, 2021-05 ,7.0,rgPicardMarkDups/1.56.0
897, 2021-05 ,7.0,picard_CASM/2.18.2.1
898, 2021-05 ,7.0,jbrowse/1.16.9+galaxy0
899, 2021-05 ,7.0,mimodd_convert/0.1.9
900, 2021-05 ,7.0,circos_aln_to_links/0.69.8+galaxy7
901, 2021-05 ,7.0,snpSift_geneSets/4.3.0
902, 2021-05 ,7.0,fargene/0.1+galaxy1
903, 2021-05 ,7.0,meme_psp_gen/5.0.5.0
904, 2021-05 ,7.0,vsearch_clustering/2.8.3.0
905, 2021-05 ,7.0,gffread/0.11.6.0
906, 2021-05 ,7.0,trinity/2.9.1
907, 2021-05 ,7.0,tp_sort_rows/1.1.0
908, 2021-05 ,7.0,ggplot2_histogram/2.2.1+galaxy0
909, 2021-05 ,7.0,build_ucsc_custom_track_1/1.0.0
910, 2021-05 ,7.0,sklearn_train_test_split/1.0.8.2
911, 2021-05 ,7.0,crosscontamination_barcode_filter/0.3
912, 2021-05 ,7.0,modENCODEfly/modENCODEfly
913, 2021-05 ,7.0,mothur_pca/1.39.5.0
914, 2021-05 ,7.0,snippy_clean_full_aln/4.5.0
915, 2021-05 ,7.0,bcftools_cnv/1.10
916, 2021-05 ,7.0,fasta_nucleotide_color_plot/1.0.1
917, 2021-05 ,7.0,vcf2pgSnp/1.0.0
918, 2021-05 ,7.0,ivar_removereads/1.3.1+galaxy0
919, 2021-05 ,7.0,multigps/0.74.0
920, 2021-05 ,7.0,mothur_rarefaction_shared/1.39.5.0
921, 2021-05 ,7.0,prokka/1.14.5
922, 2021-05 ,6.0,Interval_Maf_Merged_Fasta2/Interval_Maf_Merged_Fasta2
923, 2021-05 ,6.0,vcfflatten2/1.0.0_rc3+galaxy0
924, 2021-05 ,6.0,rseqc_read_GC/2.6.4
925, 2021-05 ,6.0,bedtools_sortbed/2.29.2
926, 2021-05 ,6.0,rseqc_read_duplication/2.6.4
927, 2021-05 ,6.0,mothur_merge_count/1.39.5.0
928, 2021-05 ,6.0,hetbox/1.0
929, 2021-05 ,6.0,gmx_editconf/2020.2+galaxy0
930, 2021-05 ,6.0,seqtk_mergefa/1.3.1
931, 2021-05 ,6.0,seqtk_trimfq/1.3.1
932, 2021-05 ,6.0,tabular_to_dbnsfp/tabular_to_dbnsfp
933, 2021-05 ,6.0,bcftools_plugin_counts/1.4.0
934, 2021-05 ,6.0,cuffmerge/2.2.1.1
935, 2021-05 ,6.0,cloudmap_variant_discovery_mapping/1.0.0
936, 2021-05 ,6.0,cutadapt/1.16.3
937, 2021-05 ,6.0,ncbi_tblastx_wrapper/2.10.1+galaxy0
938, 2021-05 ,6.0,bamleftalign/1.1.0.46-0
939, 2021-05 ,6.0,medaka_variant_pipeline/1.0.3+galaxy1
940, 2021-05 ,6.0,ml_visualization_ex/1.0.8.2
941, 2021-05 ,6.0,kobas_annotate/2.1.1
942, 2021-05 ,6.0,__FILTER_EMPTY_DATASETS__/__FILTER_EMPTY_DATASETS__
943, 2021-05 ,6.0,deeptools_bam_pe_fragmentsize/3.3.2.0.0
944, 2021-05 ,6.0,feelnc/0.2
945, 2021-05 ,6.0,hyphy_strike_ambigs/2.5.31
946, 2021-05 ,6.0,CONVERTER_sam_to_unsorted_bam/CONVERTER_sam_to_unsorted_bam
947, 2021-05 ,6.0,mimodd_info/0.1.9
948, 2021-05 ,6.0,poretools_hist/0.6.1a1.1
949, 2021-05 ,6.0,sra_pileup/2.10.3
950, 2021-05 ,6.0,salmon/0.14.1.2
951, 2021-05 ,6.0,samtools_mpileup/0.0.1
952, 2021-05 ,6.0,EMBOSS: iep45/5.0.0.1
953, 2021-05 ,6.0,EMBOSS: water107/5.0.0.1
954, 2021-05 ,6.0,racon/1.3.1.1
955, 2021-05 ,6.0,mlst_list/2.19.0
956, 2021-05 ,6.0,MAF_To_BED1/MAF_To_BED1
957, 2021-05 ,6.0,jbrowse/1.16.10+galaxy0
958, 2021-05 ,6.0,bedtools_complementbed/2.30.0
959, 2021-05 ,6.0,EMBOSS: newcpgseek58/5.0.0.1
960, 2021-05 ,6.0,CONVERTER_interval_to_bed6_0/CONVERTER_interval_to_bed6_0
961, 2021-05 ,6.0,jbrowse/1.16.8+galaxy1
962, 2021-05 ,6.0,macs2_refinepeak/2.1.1.20160309.1
963, 2021-05 ,6.0,keras_model_builder/0.5.0
964, 2021-05 ,6.0,t_test_two_samples/1.0.1
965, 2021-05 ,6.0,samtools_flagstat/2.0.1
966, 2021-05 ,5.0,socru/2.1.7
967, 2021-05 ,5.0,EMBOSS: palindrome65/5.0.0.1
968, 2021-05 ,5.0,snpEff_databases/4.3+T.galaxy1
969, 2021-05 ,5.0,repmatch_gff3/1.0.3
970, 2021-05 ,5.0,bowtie2/0.3
971, 2021-05 ,5.0,bowtie2/2.3.4.1
972, 2021-05 ,5.0,bwa/0.7.12.1
973, 2021-05 ,5.0,Add_a_column1/1.1.0
974, 2021-05 ,5.0,hgv_ldtools/hgv_ldtools
975, 2021-05 ,5.0,rseqc_insertion_profile/2.6.4
976, 2021-05 ,5.0,circos_interval_to_text/0.69.8+galaxy7
977, 2021-05 ,5.0,plant_tribes_gene_family_phylogeny_builder/1.0.3.1
978, 2021-05 ,5.0,plant_tribes_gene_family_aligner/1.0.3.0
979, 2021-05 ,5.0,unipept/4.3.0
980, 2021-05 ,5.0,bedtools_maskfastabed/2.29.2
981, 2021-05 ,5.0,circos_interval_to_tile/0.69.8+galaxy7
982, 2021-05 ,5.0,cutadapt/1.16.1
983, 2021-05 ,5.0,circos_resample/0.69.8+galaxy7
984, 2021-05 ,5.0,vcfdistance/1.0.0_rc3+galaxy0
985, 2021-05 ,5.0,plotly_ml_performance_plots/0.2
986, 2021-05 ,5.0,deseq2/2.11.40.2
987, 2021-05 ,5.0,plotly_regression_performance_plots/0.1
988, 2021-05 ,5.0,mothur_classify_seqs/1.36.1.0
989, 2021-05 ,5.0,bedtools_bedtoigv/2.29.2
990, 2021-05 ,5.0,picard_MarkDuplicatesWithMateCigar/2.18.2.1
991, 2021-05 ,5.0,bedtools_bed12tobed6/2.30.0
992, 2021-05 ,5.0,busco/4.1.2
993, 2021-05 ,5.0,mothur_get_relabund/1.39.5.0
994, 2021-05 ,5.0,trinity_contig_exn50_statistic/2.9.1
995, 2021-05 ,5.0,mothur_pairwise_seqs/1.39.5.0
996, 2021-05 ,5.0,lda_analy1/1.0.1
997, 2021-05 ,5.0,tbvcfreport/0.1.7+galaxy0
998, 2021-05 ,5.0,tp_grep_tool/1.1.0
999, 2021-05 ,5.0,fastqc/0.52
1000, 2021-05 ,5.0,mimodd_header/0.1.9
1001, 2021-05 ,4.0,gff3.rebase/1.2
1002, 2021-05 ,4.0,poretools_tabular/0.6.1a1.0
1003, 2021-05 ,4.0,mothur_chop_seqs/1.39.5.0
1004, 2021-05 ,4.0,kpca1/1.0.0
1005, 2021-05 ,4.0,hyphy_busted/2.5.31+galaxy1
1006, 2021-05 ,4.0,scpipe/1.0.0+galaxy2
1007, 2021-05 ,4.0,EMBOSS: plotorf76/5.0.0
1008, 2021-05 ,4.0,Fetch Taxonomic Ranks/1.1.0
1009, 2021-05 ,4.0,sklearn_searchcv/1.0.8.2
1010, 2021-05 ,4.0,idba_ud/1.1.3+galaxy1
1011, 2021-05 ,4.0,mothur_screen_seqs/1.36.1.0
1012, 2021-05 ,4.0,sklearn_generalized_linear/1.0.8.2
1013, 2021-05 ,4.0,mothur_make_biom/1.36.1.0
1014, 2021-05 ,4.0,picard_QualityScoreDistribution/2.18.2.1
1015, 2021-05 ,4.0,phylorelatives/0.0.1
1016, 2021-05 ,4.0,deeptools_compute_gc_bias/3.3.2.0.0
1017, 2021-05 ,4.0,mothur_summary_seqs/1.36.1.0
1018, 2021-05 ,4.0,getalleleseq/0.0.1
1019, 2021-05 ,4.0,poretools_stats/0.6.1a1.0
1020, 2021-05 ,4.0,sklearn_stacking_ensemble_models/1.0.8.2
1021, 2021-05 ,4.0,bcftools_roh/1.10
1022, 2021-05 ,4.0,sklearn_nn_classifier/1.0.8.2
1023, 2021-05 ,4.0,tp_sort_header_tool/1.1.0
1024, 2021-05 ,4.0,EMBOSS: chips10/5.0.0
1025, 2021-05 ,4.0,hisat2/2.1.0
1026, 2021-05 ,4.0,bedtools_windowbed/2.29.0
1027, 2021-05 ,4.0,fastqc/0.65
1028, 2021-05 ,4.0,heinz_bum/1.0
1029, 2021-05 ,4.0,bedtools_multicovtbed/2.29.2
1030, 2021-05 ,4.0,bedtools_randombed/2.30.0
1031, 2021-05 ,4.0,cast/1.4.2
1032, 2021-05 ,4.0,CONVERTER_fasta_to_bowtie_base_index/CONVERTER_fasta_to_bowtie_base_index
1033, 2021-05 ,4.0,bedtools_shufflebed/2.30.0
1034, 2021-05 ,4.0,cshl_fastq_quality_converter/1.0.1
1035, 2021-05 ,4.0,deeptools_bam_coverage/3.3.0.0.0
1036, 2021-05 ,4.0,megablast_xml_parser/1.0.1
1037, 2021-05 ,4.0,hyphy_fade/2.5.31+galaxy1
1038, 2021-05 ,4.0,stringtie/1.0.3
1039, 2021-05 ,4.0,mothur_nmds/1.39.5.0
1040, 2021-05 ,4.0,raceid_filtnormconf/3.1
1041, 2021-05 ,4.0,mothur_classify_tree/1.39.5.0
1042, 2021-05 ,4.0,hyphy_conv/2.5.31+galaxy1
1043, 2021-05 ,4.0,abricate_list/1.0.1
1044, 2021-05 ,4.0,bio_hansel/0.1.0
1045, 2021-05 ,4.0,xmfa2gff3/2015_02_13.1
1046, 2021-05 ,4.0,modENCODEworm/modENCODEworm
1047, 2021-05 ,4.0,scatterplot_rpy/1.0.3
1048, 2021-05 ,4.0,peakcalling_sicer/1.1
1049, 2021-05 ,4.0,samtools_sort/2.0
1050, 2021-05 ,4.0,Draw_phylogram/1.0.0
1051, 2021-05 ,4.0,t2t_report/1.0.0
1052, 2021-05 ,4.0,sklearn_build_pipeline/1.0.8.2
1053, 2021-05 ,4.0,mimodd_reheader/0.1.9
1054, 2021-05 ,4.0,CONVERTER_bcf_to_bcf_uncompressed/CONVERTER_bcf_to_bcf_uncompressed
1055, 2021-05 ,4.0,lca1/1.0.1
1056, 2021-05 ,4.0,vcfaddinfo/1.0.0_rc3+galaxy0
1057, 2021-05 ,4.0,vcfcheck/1.0.0_rc3+galaxy0
1058, 2021-05 ,4.0,plotly_parallel_coordinates_plot/0.2
1059, 2021-05 ,4.0,vcffilter2/1.0.0_rc1+galaxy2
1060, 2021-05 ,4.0,CONVERTER_maf_to_interval_0/CONVERTER_maf_to_interval_0
1061, 2021-05 ,4.0,vcfrandomsample/1.0.0_rc3+galaxy0
1062, 2021-05 ,4.0,mothur_pre_cluster/1.36.1.0
1063, 2021-05 ,3.0,gmx_sim/2020.2+galaxy0
1064, 2021-05 ,3.0,mimodd_delcall/0.1.9
1065, 2021-05 ,3.0,EMBOSS: trimseq103/5.0.0.1
1066, 2021-05 ,3.0,EMBOSS: pepwindow73/5.0.0.1
1067, 2021-05 ,3.0,bedtools_coveragebed/2.22.1
1068, 2021-05 ,3.0,macs2_callpeak/2.1.1.20160309.4
1069, 2021-05 ,3.0,vcf2tsv/1.0.0_rc1+galaxy0
1070, 2021-05 ,3.0,diffbind/2.6.6.4
1071, 2021-05 ,3.0,vcfselectsamples/0.0.3
1072, 2021-05 ,3.0,search_gui/3.3.10.1
1073, 2021-05 ,3.0,bedtools_multicovtbed/2.27.0.0
1074, 2021-05 ,3.0,tp_text_file_with_recurring_lines/1.1.0
1075, 2021-05 ,3.0,mothur_align_seqs/1.36.1.0
1076, 2021-05 ,3.0,sam_merge2/1.1.2
1077, 2021-05 ,3.0,translate_bed/0.1.0
1078, 2021-05 ,3.0,plant_tribes_gene_family_integrator/1.0.3.0
1079, 2021-05 ,3.0,deeptools_plot_heatmap/2.5.0.0
1080, 2021-05 ,3.0,Interval2Maf1/1.0.1+galaxy0
1081, 2021-05 ,3.0,bedtools_closestbed/2.29.0
1082, 2021-05 ,3.0,iterative_map_pipeline/1.0
1083, 2021-05 ,3.0,EMBOSS: sixpack90/5.0.0+galaxy2
1084, 2021-05 ,3.0,sklearn_data_preprocess/1.0.8.2
1085, 2021-05 ,3.0,hyphy_relax/2.5.31+galaxy1
1086, 2021-05 ,3.0,mothur_cluster_split/1.36.1.0
1087, 2021-05 ,3.0,cat_bins/5.0.3.1
1088, 2021-05 ,3.0,hyphy_prime/2.5.31+galaxy1
1089, 2021-05 ,3.0,EMBOSS: shuffleseq87/5.0.0.1
1090, 2021-05 ,3.0,trinotate/3.1.1
1091, 2021-05 ,3.0,presto_assemblepairs/0.5.4
1092, 2021-05 ,3.0,mothur_get_seqs/1.39.5.0
1093, 2021-05 ,3.0,hyphy_bgm/2.5.31+galaxy1
1094, 2021-05 ,3.0,rseqc_RNA_fragment_size/2.6.4.1
1095, 2021-05 ,3.0,mothur_list_seqs/1.39.5.0
1096, 2021-05 ,3.0,picard_AddOrReplaceReadGroups/2.7.1.0
1097, 2021-05 ,3.0,hyphy_absrel/2.5.31+galaxy1
1098, 2021-05 ,3.0,ncbi_makeprofiledb/2.10.1+galaxy0
1099, 2021-05 ,3.0,bedtools_nucbed/2.30.0
1100, 2021-05 ,3.0,mothur_make_shared/1.36.1.0
1101, 2021-05 ,3.0,edger/3.24.1
1102, 2021-05 ,3.0,fasterq_dump/2.10.7+galaxy1
1103, 2021-05 ,3.0,sklearn_train_test_eval/1.0.8.2
1104, 2021-05 ,3.0,EMBOSS: prettyplot79/5.0.0.1
1105, 2021-05 ,3.0,LinearRegression1/1.0.1
1106, 2021-05 ,3.0,bam_to_scidx/1.0.1
1107, 2021-05 ,3.0,fasterq_dump/2.10.4
1108, 2021-05 ,3.0,__SORTLIST__/__SORTLIST__
1109, 2021-05 ,3.0,tp_easyjoin_tool/1.1.1
1110, 2021-05 ,3.0,__FILTER_FAILED_DATASETS__/__FILTER_FAILED_DATASETS__
1111, 2021-05 ,3.0,transit_hmm/3.0.2+galaxy0
1112, 2021-05 ,3.0,bwa_mem/0.7.12.1
1113, 2021-05 ,3.0,bowtie2/2.3.4.3
1114, 2021-05 ,3.0,tn93_filter/1.0.6
1115, 2021-05 ,3.0,cummerbund_to_cuffdiff/1.0.1
1116, 2021-05 ,3.0,sarscov2formatter/0.5.3+galaxy1
1117, 2021-05 ,3.0,featureCoverage1/2.0.0
1118, 2021-05 ,3.0,tb_profiler_profile/2.8.4+galaxy1
1119, 2021-05 ,3.0,EMBOSS: backtranseq2/6.6.0
1120, 2021-05 ,3.0,EMBOSS: checktrans9/5.0.0.1
1121, 2021-05 ,3.0,bcftools_query/1.10
1122, 2021-05 ,3.0,mothur_trim_flows/1.39.5.0
1123, 2021-05 ,3.0,trimmomatic/0.32.3
1124, 2021-05 ,3.0,EMBOSS: freak36/5.0.0.1
1125, 2021-05 ,3.0,CONVERTER_tar_to_directory/CONVERTER_tar_to_directory
1126, 2021-05 ,3.0,msaboot/0.1.2
1127, 2021-05 ,3.0,poretools_qualdist/0.6.1a1.0
1128, 2021-05 ,3.0,bamtools/0.0.2
1129, 2021-05 ,3.0,snpEff_get_chr_names/4.3+T.galaxy2
1130, 2021-05 ,3.0,raceid_inspectclusters/3.1
1131, 2021-05 ,3.0,fastq_paired_end_deinterlacer/1.1.2
1132, 2021-05 ,3.0,raceid_clustering/3.1
1133, 2021-05 ,2.0,fastq_to_fasta_python/1.0.0
1134, 2021-05 ,2.0,bedtools_reldistbed/2.29.2
1135, 2021-05 ,2.0,bedtools_intersectbed/2.27.1
1136, 2021-05 ,2.0,datamash_ops/1.0.6
1137, 2021-05 ,2.0,bedtools_bedtobam/2.29.2
1138, 2021-05 ,2.0,bedtools_bedpetobam/2.30.0
1139, 2021-05 ,2.0,bcftools_stats/1.4.0
1140, 2021-05 ,2.0,bcftools_reheader/1.4.0
1141, 2021-05 ,2.0,bcftools_plugin_missing2ref/1.10
1142, 2021-05 ,2.0,bcftools_plugin_mendelian/1.10
1143, 2021-05 ,2.0,bcftools_plugin_impute_info/1.10
1144, 2021-05 ,2.0,bcftools_norm/1.9+galaxy1
1145, 2021-05 ,2.0,bcftools_call/1.9+galaxy1
1146, 2021-05 ,2.0,CONVERTER_biom1_to_biom2/CONVERTER_biom1_to_biom2
1147, 2021-05 ,2.0,anndata_export/0.7.5+galaxy0
1148, 2021-05 ,2.0,gprofiler_orth/0.1.7+galaxy11
1149, 2021-05 ,2.0,gprofiler_random/0.1.7+galaxy11
1150, 2021-05 ,2.0,graphembed/2.4.0
1151, 2021-05 ,2.0,hhsearch/3.2.0+galaxy0
1152, 2021-05 ,2.0,ems_variant_density_mapping/1.0.0
1153, 2021-05 ,2.0,hyphy_bgm/2.5.31+galaxy2
1154, 2021-05 ,2.0,idba_hybrid/1.1.3
1155, 2021-05 ,2.0,iwtomics_loadandplot/1.0.0.0
1156, 2021-05 ,2.0,jbrowse/1.16.11+galaxy1
1157, 2021-05 ,2.0,peptide_shaker/1.16.36.3
1158, 2021-05 ,2.0,multiqc/1.0.0.0
1159, 2021-05 ,2.0,khmer_normalize_by_median/3.0.0a3+galaxy1
1160, 2021-05 ,2.0,khmer_partition/3.0.0a3+galaxy1
1161, 2021-05 ,2.0,vcfleftalign/1.0.0_rc3+galaxy0
1162, 2021-05 ,2.0,vcffilter2/1.0.0_rc1+galaxy3
1163, 2021-05 ,2.0,macs2_callpeak/2.1.0.20140616.0
1164, 2021-05 ,2.0,maf_stats1/1.0.1+galaxy0
1165, 2021-05 ,2.0,samtools_stats/2.0.1
1166, 2021-05 ,2.0,samtools_phase/2.0.1
1167, 2021-05 ,2.0,meme_meme/4.11.1.0
1168, 2021-05 ,2.0,mixcr_analyze/3.0.5.0
1169, 2021-05 ,2.0,sam_to_bam/2.1
1170, 2021-05 ,2.0,mothur_chimera_uchime/1.39.5.0
1171, 2021-05 ,2.0,mothur_classify_otu/1.36.1.0
1172, 2021-05 ,2.0,picard_artifact_metrics/2.18.2.1
1173, 2021-05 ,2.0,picard_SamToFastq/2.7.1.0
1174, 2021-05 ,2.0,mothur_count_seqs/1.36.1.0
1175, 2021-05 ,2.0,picard_FixMateInformation/2.18.2.1
1176, 2021-05 ,2.0,mothur_filter_seqs/1.36.1.0
1177, 2021-05 ,2.0,mothur_get_otulist/1.39.5.0
1178, 2021-05 ,2.0,mothur_get_oturep/1.39.5.0
1179, 2021-05 ,2.0,mothur_make_group/1.36.1.0
1180, 2021-05 ,2.0,mothur_merge_files/1.36.1.0
1181, 2021-05 ,2.0,microsats_align1/1.0.0
1182, 2021-05 ,2.0,mothur_reverse_seqs/1.39.5.0
1183, 2021-05 ,2.0,cshl_fastx_clipper/1.0.1
1184, 2021-05 ,2.0,fastqc/0.71
1185, 2021-05 ,2.0,mothur_unique_seqs/1.36.1.0
1186, 2021-05 ,2.0,fastq_quality_trimmer/1.0.0
1187, 2021-05 ,2.0,cshl_fastq_quality_filter/1.0.2
1188, 2021-05 ,2.0,multiqc/1.8+galaxy0
1189, 2021-05 ,2.0,fastq_masker_by_quality/1.1.5
1190, 2021-05 ,2.0,mummer_nucmer/4.0.0beta2+galaxy0
1191, 2021-05 ,2.0,poretools_qualpos/0.6.1a1.1
1192, 2021-05 ,2.0,poretools_squiggle/0.6.1a1.1
1193, 2021-05 ,2.0,presto_alignsets/0.5.4
1194, 2021-05 ,2.0,presto_buildconsensus/0.5.4
1195, 2021-05 ,2.0,EMBOSS: pepcoil68/5.0.0.1
1196, 2021-05 ,2.0,qualimap_counts/2.2.2d
1197, 2021-05 ,2.0,EMBOSS: lindna48/5.0.0.1
1198, 2021-05 ,2.0,EMBOSS: fuzzpro38/5.0.0.1
1199, 2021-05 ,2.0,EMBOSS: epestfind29/5.0.0.1
1200, 2021-05 ,2.0,roary/3.13.0+galaxy0
1201, 2021-05 ,2.0,EMBOSS: dotpath25/5.0.0.1
1202, 2021-05 ,2.0,EMBOSS: cpgreport16/5.0.0.1
1203, 2021-05 ,2.0,EMBOSS: cirdna11/5.0.0
1204, 2021-05 ,2.0,samtools_view/1.9
1205, 2021-05 ,2.0,cufflinks/2.2.1.2
1206, 2021-05 ,2.0,cuffdiff/2.2.1.2
1207, 2021-05 ,2.0,seqtk_dropse/1.3.1
1208, 2021-05 ,2.0,taxonomy_krona_chart/2.6.1
1209, 2021-05 ,2.0,sqlite_to_tabular/2.0.1
1210, 2021-05 ,2.0,fasterq_dump/2.10.7+galaxy2
1211, 2021-05 ,2.0,fastq_dump/2.10.4
1212, 2021-05 ,2.0,fastq_dump/2.9.1.3
1213, 2021-05 ,2.0,transdecoder/3.0.1
1214, 2021-05 ,2.0,tp_find_and_replace/1.0.0
1215, 2021-05 ,2.0,transit_gumbel/3.0.2+galaxy0
1216, 2021-05 ,2.0,tsne/0.0.2
1217, 2021-05 ,2.0,valet/1.0.0
1218, 2021-05 ,2.0,vsearch_alignment/2.8.3.0
1219, 2021-05 ,2.0,hifiasm/0.14
1220, 2021-05 ,2.0,gd_extract_flanking_dna/1.0.0
1221, 2021-05 ,2.0,gd_filter_gd_snp/1.2.0
1222, 2021-05 ,2.0,gd_pathway_image/1.0.0
1223, 2021-05 ,2.0,microsatpurity/1.0.0
1224, 2021-05 ,2.0,Profilegenerator/2.0.0
1225, 2021-05 ,2.0,aggregate_scores_in_intervals2/aggregate_scores_in_intervals2
1226, 2021-05 ,2.0,MAF_Thread_For_Species1/MAF_Thread_For_Species1
1227, 2021-05 ,2.0,MAF_Reverse_Complement_1/MAF_Reverse_Complement_1
1228, 2021-05 ,2.0,Interval2Maf_pairwise1/Interval2Maf_pairwise1
1229, 2021-05 ,2.0,Condense characters1/Condense characters1
1230, 2021-05 ,2.0,hifive/0.1.0
1231, 2021-05 ,2.0,CONVERTER_wiggle_to_interval_0/CONVERTER_wiggle_to_interval_0
1232, 2021-05 ,2.0,mimodd_rebase/0.1.9
1233, 2021-05 ,1.0,snpSift_rmInfo/4.3+t.galaxy0
1234, 2021-05 ,1.0,purge_dups/1.2.5+galaxy1
1235, 2021-05 ,1.0,presto_filterseq/0.5.4
1236, 2021-05 ,1.0,poretools_yield_plot/0.6.1a1.1
1237, 2021-05 ,1.0,poretools_winner/0.6.1a1.0
1238, 2021-05 ,1.0,poretools_nucdist/0.6.1a1.0
1239, 2021-05 ,1.0,poretools_events/0.6.1a1.1
1240, 2021-05 ,1.0,cat_summarise/5.0.3.0
1241, 2021-05 ,1.0,EMBOSS: preg78/5.0.0+galaxy1
1242, 2021-05 ,1.0,EMBOSS: prettyseq80/5.0.0.1
1243, 2021-05 ,1.0,bedtools_unionbedgraph/2.29.2
1244, 2021-05 ,1.0,EMBOSS: revseq82/5.0.0
1245, 2021-05 ,1.0,EMBOSS: seqret84/5.0.0
1246, 2021-05 ,1.0,tradis_gene_insert_sites/1.4.5+galaxy2
1247, 2021-05 ,1.0,EMBOSS: sirna89/5.0.0
1248, 2021-05 ,1.0,naive_variant_caller/0.0.1
1249, 2021-05 ,1.0,EMBOSS: splitter92/5.0.0.1
1250, 2021-05 ,1.0,fastqe/0.2.6+galaxy0
1251, 2021-05 ,1.0,sam_dump/2.10.8+galaxy0
1252, 2021-05 ,1.0,EMBOSS: supermatcher95/5.0.0.1
1253, 2021-05 ,1.0,EMBOSS: tranalign100/5.0.0
1254, 2021-05 ,1.0,EMBOSS: trimest102/5.0.0.1
1255, 2021-05 ,1.0,fastq_paired_end_interlacer/1.2.0.1
1256, 2021-05 ,1.0,stringtie/1.3.6
1257, 2021-05 ,1.0,fastq_paired_end_joiner/2.0.1.1
1258, 2021-05 ,1.0,cshl_fastx_barcode_splitter/1.0.0
1259, 2021-05 ,1.0,tp_sort_header_tool/1.0.0
1260, 2021-05 ,1.0,cshl_fastx_nucleotides_distribution/1.0.0
1261, 2021-05 ,1.0,mothur_summary_shared/1.39.5.0
1262, 2021-05 ,1.0,cshl_fastx_reverse_complement/1.0.0
1263, 2021-05 ,1.0,mothur_sort_seqs/1.39.5.0
1264, 2021-05 ,1.0,tetyper/1.1+galaxy1
1265, 2021-05 ,1.0,freebayes/0.4.1
1266, 2021-05 ,1.0,freebayes/freebayes-0.9.14
1267, 2021-05 ,1.0,tn93_readreduce/1.0.4
1268, 2021-05 ,1.0,bcftools_plugin_missing2ref/1.9+galaxy1
1269, 2021-05 ,1.0,transdecoder/5.5.0+galaxy0
1270, 2021-05 ,1.0,fasta-stats/1.0.2
1271, 2021-05 ,1.0,bcftools_plugin_setgt/1.10
1272, 2021-05 ,1.0,gmaj_1/2.0.1
1273, 2021-05 ,1.0,transit_resampling/3.0.2+galaxy0
1274, 2021-05 ,1.0,hgv_hilbertvis/1.0.0
1275, 2021-05 ,1.0,mothur_rarefaction_single/1.36.1.0
1276, 2021-05 ,1.0,lastz_d_wrapper/1.3.2
1277, 2021-05 ,1.0,mothur_pcr_seqs/1.36.1.0
1278, 2021-05 ,1.0,mothur_otu_association/1.39.5.0
1279, 2021-05 ,1.0,mothur_metastats/1.39.5.0
1280, 2021-05 ,1.0,mothur_make_lefse/1.36.1.0
1281, 2021-05 ,1.0,ncbi_makeblastdb/0.3.3
1282, 2021-05 ,1.0,mothur_homova/1.39.5.0
1283, 2021-05 ,1.0,picard_CollectGcBiasMetrics/2.18.2.1
1284, 2021-05 ,1.0,sklearn_sample_generator/1.0.8.2
1285, 2021-05 ,1.0,bcftools_plugin_setgt/1.9+galaxy1
1286, 2021-05 ,1.0,mothur_degap_seqs/1.39.5.0
1287, 2021-05 ,1.0,picard_ReplaceSamHeader/2.18.2.1
1288, 2021-05 ,1.0,mothur_cluster_fragments/1.39.5.0
1289, 2021-05 ,1.0,mothur_cluster_classic/1.39.5.0
1290, 2021-05 ,1.0,unicycler/0.4.1.1
1291, 2021-05 ,1.0,picard_RevertSam/2.18.2.1
1292, 2021-05 ,1.0,plot_for_lda_output1/1.0.1
1293, 2021-05 ,1.0,Extract genomic DNA 1/3.0.3
1294, 2021-05 ,1.0,mothur_chimera_slayer/1.39.5.0
1295, 2021-05 ,1.0,sailfish/0.7.6.0
1296, 2021-05 ,1.0,mothur_bin_seqs/1.39.5.0
1297, 2021-05 ,1.0,modify_loom/0.7.5+galaxy0
1298, 2021-05 ,1.0,minimap2/2.17+galaxy3
1299, 2021-05 ,1.0,metagenomeseq_normalizaton/1.16.0-0.0.1
1300, 2021-05 ,1.0,samtools_reheader/2.0.1+galaxy1
1301, 2021-05 ,1.0,bcftools_plugin_tag2tag/1.9+galaxy1
1302, 2021-05 ,1.0,model_prediction/1.0.8.2
1303, 2021-05 ,1.0,megahit/1.1.3.4
1304, 2021-05 ,1.0,hgv_snpFreq/1.0.1
1305, 2021-05 ,1.0,macs2_predictd/2.1.1.20160309.0
1306, 2021-05 ,1.0,vsearch_masking/2.8.3.0
1307, 2021-05 ,1.0,limma_voom/3.38.3+galaxy2
1308, 2021-05 ,1.0,kraken2/2.0.8_beta+galaxy0
1309, 2021-05 ,1.0,kobas_identify/2.1.1
1310, 2021-05 ,1.0,khmer_count_median/3.0.0a3+galaxy1
1311, 2021-05 ,1.0,XY_Plot_1/1.0.1
1312, 2021-05 ,1.0,kallisto_pseudo/0.43.1.1
1313, 2021-05 ,1.0,bed_to_protein_map/0.2.0
1314, 2021-05 ,1.0,blastxml_to_gapped_gff3/1.1
1315, 2021-05 ,1.0,pep_pointer/0.1.3
1316, 2021-05 ,1.0,jbrowse/1.16.5+galaxy7
1317, 2021-05 ,1.0,iwtomics_testandplot/1.0.0.0
1318, 2021-05 ,1.0,CONVERTER_Pdb_to_Gro_0/CONVERTER_Pdb_to_Gro_0
1319, 2021-05 ,1.0,bedtools_bamtobed/2.29.0
1320, 2021-05 ,1.0,gd_extract_primers/1.0.0
1321, 2021-05 ,1.0,bedtools_flankbed/2.27.0.0
1322, 2021-05 ,1.0,gd_make_gd_file/1.0.0
1323, 2021-05 ,1.0,diffbind/2.6.5.0
1324, 2021-05 ,1.0,iwtomics_plotwithscale/1.0.0.0
1325, 2021-05 ,1.0,CONVERTER_picard_interval_list_to_bed6/CONVERTER_picard_interval_list_to_bed6
1326, 2021-05 ,1.0,bg_diamond_makedb/0.8.24
1327, 2021-05 ,1.0,ivar_filtervariants/1.2.2+galaxy0
1328, 2021-05 ,1.0,gd_population_structure/1.0.0
1329, 2021-05 ,1.0,deeptools_plot_pca/3.1.2.0.0
1330, 2021-05 ,1.0,plant_tribes_gene_family_phylogeny_builder/1.0.3.0
1331, 2021-05 ,1.0,deeptools_plot_coverage/3.3.0.0.0
1332, 2021-05 ,1.0,ks_distribution/1.0.3.0
1333, 2021-05 ,1.0,galaxy_intermine_exchange/0.0.1
1334, 2021-05 ,1.0,check_snpeff_candidates/1.0.0
1335, 2021-05 ,1.0,make_families/2.15
1336, 2021-05 ,1.0,align_families/0.3
1337, 2021-05 ,1.0,idba_tran/1.1.3+galaxy0
1338, 2021-05 ,1.0,make_families/0.3
1339, 2021-05 ,1.0,in_silico_complementation/1.0.0
1340, 2021-05 ,1.0,hyphy_gard/2.5.4+galaxy0
1341, 2021-05 ,1.0,hyphy_absrel/2.5.4+galaxy0
1342, 2021-05 ,1.0,hyphy_absrel/2.5.31+galaxy0
1343, 2021-05 ,1.0,deeptools_bam_coverage/3.1.2.0.0
1344, 2021-05 ,1.0,bedtools_intersectbed/2.24.0
1345, 2021-05 ,1.0,ffindex_dbkit_merge/0.2+galaxy0
1346, 2021-05 ,1.0,bedtools_makewindowsbed/2.29.2
1347, 2021-05 ,1.0,rseqc_geneBody_coverage2/2.6.4.1
1348, 2021-05 ,1.0,hisat2/2.1.0+galaxy3
1349, 2021-05 ,1.0,heinz_scoring/1.0
1350, 2021-05 ,1.0,heinz/1.0
1351, 2021-05 ,1.0,spring_map/0.2+galaxy0
1352, 2021-05 ,1.0,annotatemyids/3.5.0.1
1353, 2021-05 ,1.0,annotatemyids/3.7.0
1354, 2021-05 ,1.0,master2pgSnp/master2pgSnp
1355, 2021-05 ,1.0,bcftools_call/1.4.0
1356, 2021-05 ,1.0,ggplot2_heatmap2/2.2.1+galaxy1
1357, 2021-05 ,1.0,bcftools_concat/1.9+galaxy1
1358, 2021-05 ,1.0,hgv_pass/hgv_pass
1359, 2021-05 ,1.0,bcftools_convert_from_vcf/1.10
1360, 2021-05 ,1.0,genetrack/1.0.1
1361, 2021-05 ,1.0,bcftools_gtcheck/1.10
1362, 2021-05 ,1.0,flymine/flymine
1363, 2021-05 ,1.0,bedtools_map/2.30.0.2
1364, 2021-05 ,1.0,__TAG_FROM_FILE__/__TAG_FROM_FILE__
1365, 2021-05 ,1.0,gatk4_mutect2/4.1.4.0+galaxy2
1366, 2021-05 ,1.0,bcftools_mpileup/1.4.0.0
1367, 2021-05 ,1.0,bcftools_plugin_fill_an_ac/1.10
1368, 2021-05 ,1.0,bcftools_plugin_frameshifts/1.10
1369, 2021-05 ,1.0,bcftools_plugin_impute_info/1.9+galaxy1
1370, 2021-05 ,1.0,trimmomatic/0.36.2
1371, 2021-05 ,1.0,trimmomatic/0.36.3
1372, 2021-05 ,1.0,featurecounts/1.6.0.6
1373, 2021-05 ,1.0,CONVERTER_gff_to_bgzip_0/CONVERTER_gff_to_bgzip_0
1374, 2021-05 ,1.0,crossmap_vcf/0.3.7
1375, 2021-05 ,1.0,bcftools_plugin_mendelian/1.9+galaxy1
1376, 2021-05 ,1.0,Add_a_column1/1.3.1
1377, 2021-05 ,1.0,shovill/1.0.4+galaxy0
1378, 2021-05 ,1.0,seqtk_mergepe/1.3.1
1379, 2021-05 ,1.0,cca1/1.0.0
1380, 2021-05 ,1.0,seqtk_listhet/1.3.1
1381, 2021-05 ,1.0,cuffdiff/2.2.1.5
1382, 2021-05 ,1.0,cufflinks/0.0.6
1383, 2021-05 ,1.0,cuffmerge/0.0.6
1384, 2021-05 ,1.0,sarscov2summary/0.1
1385, 2021-05 ,1.0,EMBOSS: antigenic1/5.0.0.1
1386, 2021-05 ,1.0,EMBOSS: charge8/5.0.0.1
1387, 2021-05 ,1.0,snpEff_build_gb/4.3+T.galaxy3
1388, 2021-05 ,1.0,EMBOSS: coderet13/5.0.0
1389, 2021-05 ,1.0,EMBOSS: helixturnhelix43/5.0.0.1
1390, 2021-05 ,1.0,bamFilter/0.0.2
1391, 2021-05 ,1.0,snpEff_download/4.3+T.galaxy1
1392, 2021-05 ,1.0,raceid_trajectory/3.1
1393, 2021-05 ,1.0,raceid_inspecttrajectory/3.1
1394, 2021-05 ,1.0,bamtools/0.0.1
1395, 2021-05 ,1.0,circos/0.69.8+galaxy4
1396, 2021-05 ,1.0,taxonomy_krona_chart/2.6.0
1397, 2021-05 ,1.0,EMBOSS: infoseq46/5.0.0
1398, 2021-05 ,1.0,EMBOSS: newcpgreport57/5.0.0
1399, 2021-05 ,1.0,EMBOSS: oddcomp64/5.0.0.1
1400, 2021-05 ,1.0,EMBOSS: pepinfo69/5.0.0.1
