,month_year,num_users,tool_name_version
1, 2021-05 ,5190.0,upload1/upload1
2, 2021-05 ,2699.0,fastqc/0.72+galaxy1
3, 2021-05 ,1163.0,trimmomatic/0.38.0
4, 2021-05 ,988.0,hisat2/2.1.0+galaxy7
5, 2021-05 ,929.0,CONVERTER_gz_to_uncompressed/CONVERTER_gz_to_uncompressed
6, 2021-05 ,913.0,fastq_dump/2.10.9+galaxy0
7, 2021-05 ,897.0,deseq2/2.11.40.6+galaxy1
8, 2021-05 ,892.0,bowtie2/2.4.2+galaxy0
9, 2021-05 ,854.0,__SET_METADATA__/__SET_METADATA__
10, 2021-05 ,767.0,fasterq_dump/2.10.9+galaxy0
11, 2021-05 ,759.0,__DATA_FETCH__/__DATA_FETCH__
12, 2021-05 ,739.0,multiqc/1.9+galaxy1
13, 2021-05 ,737.0,featurecounts/2.0.1
14, 2021-05 ,602.0,bwa_mem/0.7.17.1
15, 2021-05 ,510.0,Filter1/Filter1
16, 2021-05 ,486.0,rna_star/2.7.8a
17, 2021-05 ,428.0,cutadapt/1.16.6
18, 2021-05 ,371.0,freebayes/1.3.1
19, 2021-05 ,365.0,sort1/sort1
20, 2021-05 ,359.0,Grouping1/Grouping1
21, 2021-05 ,343.0,ucsc_table_direct1/ucsc_table_direct1
22, 2021-05 ,335.0,join1/join1
23, 2021-05 ,329.0,gops_join_1/1.0.0
24, 2021-05 ,315.0,trim_galore/0.6.3
25, 2021-05 ,312.0,macs2_callpeak/2.1.1.20160309.6
26, 2021-05 ,282.0,prokka/1.14.5+galaxy0
27, 2021-05 ,282.0,deeptools_bam_coverage/3.3.2.0.0
28, 2021-05 ,281.0,fastp/0.19.5+galaxy1
29, 2021-05 ,276.0,Cut1/Cut1
30, 2021-05 ,252.0,picard_MarkDuplicates/2.18.2.2
31, 2021-05 ,251.0,tophat2/2.1.1
32, 2021-05 ,245.0,htseq_count/0.9.1
33, 2021-05 ,244.0,sra_source/sra_source
34, 2021-05 ,243.0,stringtie/2.1.1
35, 2021-05 ,243.0,spades/3.12.0+galaxy1
36, 2021-05 ,240.0,bwa/0.7.17.4
37, 2021-05 ,231.0,tp_cut_tool/1.1.0
38, 2021-05 ,214.0,fastq_groomer/1.1.5
39, 2021-05 ,212.0,cuffdiff/2.2.1.6
40, 2021-05 ,211.0,cufflinks/2.2.1.3
41, 2021-05 ,208.0,snpEff/4.3+T.galaxy1
42, 2021-05 ,202.0,quast/5.0.2+galaxy1
43, 2021-05 ,195.0,CONVERTER_bam_to_bigwig_0/CONVERTER_bam_to_bigwig_0
44, 2021-05 ,192.0,CONVERTER_fasta_to_tabular/CONVERTER_fasta_to_tabular
45, 2021-05 ,185.0,CONVERTER_interval_to_bedstrict_0/CONVERTER_interval_to_bedstrict_0
46, 2021-05 ,184.0,samtools_stats/2.0.2+galaxy2
47, 2021-05 ,184.0,bamFilter/2.4.1
48, 2021-05 ,179.0,deg_annotate/1.1.0
49, 2021-05 ,173.0,samtool_filter2/1.8+galaxy1
50, 2021-05 ,165.0,edger/3.24.1+galaxy1
51, 2021-05 ,160.0,tp_head_tool/1.1.0
52, 2021-05 ,156.0,CONVERTER_fastq_to_fqtoc0/CONVERTER_fastq_to_fqtoc0
53, 2021-05 ,155.0,comp1/comp1
54, 2021-05 ,155.0,rseqc_infer_experiment/2.6.4.1
55, 2021-05 ,154.0,deeptools_compute_matrix/3.3.2.0.0
56, 2021-05 ,151.0,samtools_flagstat/2.0.3
57, 2021-05 ,149.0,busco/5.0.0+galaxy0
58, 2021-05 ,145.0,CONVERTER_bed_gff_or_vcf_to_bigwig_0/CONVERTER_bed_gff_or_vcf_to_bigwig_0
59, 2021-05 ,144.0,csv_to_tabular/csv_to_tabular
60, 2021-05 ,143.0,ggplot2_heatmap2/3.0.1
61, 2021-05 ,142.0,samtools_rmdup/2.0.1
62, 2021-05 ,142.0,CONVERTER_interval_to_bed_0/CONVERTER_interval_to_bed_0
63, 2021-05 ,142.0,annotatemyids/3.12.0
64, 2021-05 ,141.0,vcffilter2/1.0.0_rc3+galaxy3
65, 2021-05 ,139.0,qualimap_bamqc/2.2.2c
66, 2021-05 ,135.0,tabular_to_csv/tabular_to_csv
67, 2021-05 ,135.0,jbrowse/1.16.11+galaxy0
68, 2021-05 ,133.0,deeptools_plot_heatmap/3.3.2.0.1
69, 2021-05 ,130.0,velveth/1.2.10.2
70, 2021-05 ,128.0,cat1/cat1
71, 2021-05 ,128.0,CONVERTER_vcf_to_vcf_bgzip_0/CONVERTER_vcf_to_vcf_bgzip_0
72, 2021-05 ,127.0,ncbi_blastn_wrapper/2.10.1+galaxy0
73, 2021-05 ,125.0,mothur_make_contigs/1.39.5.1
74, 2021-05 ,124.0,volcanoplot/0.0.3
75, 2021-05 ,117.0,fastq_to_fasta_python/1.1.5
76, 2021-05 ,116.0,charts/1.0.1
77, 2021-05 ,114.0,taxonomy_krona_chart/2.7.1
78, 2021-05 ,114.0,table_annovar/0.2
79, 2021-05 ,114.0,tp_sort_header_tool/1.1.1
80, 2021-05 ,113.0,mothur_summary_seqs/1.39.5.0
81, 2021-05 ,113.0,limma_voom/3.38.3+galaxy3
82, 2021-05 ,112.0,mothur_unique_seqs/1.39.5.0
83, 2021-05 ,111.0,picard_AddOrReplaceReadGroups/2.18.2.1
84, 2021-05 ,111.0,salmon/1.3.0+galaxy1
85, 2021-05 ,111.0,snpEff_download/4.3+T.galaxy2
86, 2021-05 ,109.0,bam_to_sam/2.0.1
87, 2021-05 ,108.0,shovill/1.1.0+galaxy0
88, 2021-05 ,107.0,mothur_align_seqs/1.39.5.0
89, 2021-05 ,107.0,fastp/0.20.1+galaxy0
90, 2021-05 ,107.0,cshl_fastq_quality_filter/1.0.2+galaxy0
91, 2021-05 ,107.0,nanoplot/1.28.2+galaxy1
92, 2021-05 ,107.0,picard_MergeSamFiles/2.18.2.1
93, 2021-05 ,106.0,Grep1/Grep1
94, 2021-05 ,106.0,samtools_view/1.9+galaxy3
95, 2021-05 ,106.0,trinity/2.9.1+galaxy1
96, 2021-05 ,105.0,mothur_count_seqs/1.39.5.0
97, 2021-05 ,103.0,collection_column_join/0.0.3
98, 2021-05 ,103.0,mothur_screen_seqs/1.39.5.1
99, 2021-05 ,101.0,CONVERTER_vcf_bgzip_to_tabix_0/CONVERTER_vcf_bgzip_to_tabix_0
100, 2021-05 ,100.0,bandage_image/0.8.1+galaxy3
101, 2021-05 ,99.0,stringtie_merge/2.1.1
102, 2021-05 ,99.0,sam_dump/2.10.9+galaxy0
103, 2021-05 ,98.0,Add_a_column1/1.6
104, 2021-05 ,97.0,CONVERTER_interval_to_bed12_0/CONVERTER_interval_to_bed12_0
105, 2021-05 ,92.0,CONVERTER_fasta_to_fai/CONVERTER_fasta_to_fai
106, 2021-05 ,91.0,gtftobed12/357
107, 2021-05 ,91.0,samtools_sort/2.0.3
108, 2021-05 ,91.0,minimap2/2.17+galaxy4
109, 2021-05 ,91.0,velveth/1.2.10.1
110, 2021-05 ,90.0,lofreq_call/2.1.5+galaxy1
111, 2021-05 ,88.0,tp_cat/0.1.0
112, 2021-05 ,88.0,bcftools_mpileup/1.10
113, 2021-05 ,88.0,CONVERTER_ref_to_seq_taxomony/CONVERTER_ref_to_seq_taxomony
114, 2021-05 ,87.0,tp_easyjoin_tool/1.1.2
115, 2021-05 ,87.0,bedtools_intersectbed/2.30.0
116, 2021-05 ,87.0,unicycler/0.4.8.0
117, 2021-05 ,86.0,mothur_classify_seqs/1.39.5.0
118, 2021-05 ,86.0,chipseeker/1.18.0+galaxy1
119, 2021-05 ,86.0,CONVERTER_bam_to_coodinate_sorted_bam/CONVERTER_bam_to_coodinate_sorted_bam
120, 2021-05 ,85.0,mothur_filter_seqs/1.39.5.0
121, 2021-05 ,84.0,mothur_pre_cluster/1.39.5.0
122, 2021-05 ,84.0,picard_SortSam/2.18.2.1
123, 2021-05 ,83.0,samtools_mpileup/2.1.4
124, 2021-05 ,83.0,fastq_paired_end_interlacer/1.2.0.1+galaxy0
125, 2021-05 ,83.0,ncbi_acc_download/0.2.5+galaxy0
126, 2021-05 ,82.0,kraken/1.3.1
127, 2021-05 ,82.0,cuffmerge/0.0.5
128, 2021-05 ,80.0,bcftools_call/1.10
129, 2021-05 ,80.0,Show beginning1/Show beginning1
130, 2021-05 ,80.0,mothur_cluster_split/1.39.5.0
131, 2021-05 ,79.0,__EXPORT_HISTORY__/__EXPORT_HISTORY__
132, 2021-05 ,79.0,fastq_quality_trimmer/1.1.5
133, 2021-05 ,78.0,mothur_chimera_vsearch/1.39.5.2
134, 2021-05 ,77.0,velvetg/1.2.10.2
135, 2021-05 ,77.0,flye/2.6
136, 2021-05 ,76.0,mothur_remove_lineage/1.39.5.0
137, 2021-05 ,76.0,mothur_classify_otu/1.39.5.0
138, 2021-05 ,75.0,mothur_make_shared/1.39.5.0
139, 2021-05 ,74.0,fastqe/0.2.6+galaxy1
140, 2021-05 ,74.0,mothur_remove_seqs/1.39.5.0
141, 2021-05 ,74.0,Kraken2Tax/1.2
142, 2021-05 ,74.0,samtools_idxstats/2.0.3
143, 2021-05 ,73.0,deeptools_multi_bam_summary/3.3.2.0.0
144, 2021-05 ,72.0,snippy/4.5.0
145, 2021-05 ,72.0,clustalw/2.1
146, 2021-05 ,71.0,mothur_count_groups/1.39.5.0
147, 2021-05 ,71.0,deeptools_plot_correlation/3.3.2.0.0
148, 2021-05 ,70.0,cat_multiple/0.2
149, 2021-05 ,70.0,mothur_rarefaction_single/1.39.5.0
150, 2021-05 ,69.0,fastq_paired_end_deinterlacer/1.1.5
151, 2021-05 ,69.0,kraken2/2.1.1+galaxy1
152, 2021-05 ,69.0,Convert characters1/Convert characters1
153, 2021-05 ,69.0,varscan_somatic/2.4.3.6
154, 2021-05 ,68.0,gops_intersect_1/1.0.0
155, 2021-05 ,68.0,fasta-stats/1.0.1
156, 2021-05 ,68.0,mothur_sub_sample/1.39.5.0
157, 2021-05 ,67.0,ebi_sra_main/ebi_sra_main
158, 2021-05 ,66.0,ncbi_makeblastdb/2.10.1+galaxy0
159, 2021-05 ,66.0,macs2_bdgpeakcall/2.1.1.20160309.0
160, 2021-05 ,66.0,qualimap_rnaseq/2.2.2d+galaxy1
161, 2021-05 ,66.0,picard_CleanSam/2.18.2.1
162, 2021-05 ,65.0,rbc_mafft/7.221.3
163, 2021-05 ,65.0,goseq/1.36.0+galaxy0
164, 2021-05 ,65.0,CONVERTER_fasta_to_len/CONVERTER_fasta_to_len
165, 2021-05 ,64.0,tp_grep_tool/1.1.1
166, 2021-05 ,64.0,mothur_remove_groups/1.39.5.0
167, 2021-05 ,64.0,snpSift_extractFields/4.3+t.galaxy0
168, 2021-05 ,63.0,XY_Plot_1/1.0.2
169, 2021-05 ,62.0,mothur_dist_shared/1.39.5.0
170, 2021-05 ,62.0,newick_display/1.6+galaxy1
171, 2021-05 ,61.0,deeptools_plot_profile/3.3.2.0.0
172, 2021-05 ,61.0,CONVERTER_len_to_linecount/CONVERTER_len_to_linecount
173, 2021-05 ,60.0,velvetoptimiser/2.2.6
174, 2021-05 ,60.0,wig_to_bigWig/wig_to_bigWig
175, 2021-05 ,58.0,tab2fasta/1.1.1
176, 2021-05 ,58.0,CONVERTER_bed_to_gff_0/CONVERTER_bed_to_gff_0
177, 2021-05 ,57.0,Remove beginning1/Remove beginning1
178, 2021-05 ,56.0,CONVERTER_gff_to_bed_0/CONVERTER_gff_to_bed_0
179, 2021-05 ,56.0,fasta2tab/1.1.1
180, 2021-05 ,56.0,mothur_make_biom/1.39.5.0
181, 2021-05 ,56.0,bedtools_bamtobed/2.30.0
182, 2021-05 ,55.0,porechop/0.2.3
183, 2021-05 ,55.0,Extract genomic DNA 1/3.0.3+galaxy2
184, 2021-05 ,54.0,gffread/2.2.1.2
185, 2021-05 ,54.0,table_compute/0.9.2
186, 2021-05 ,53.0,cshl_fastq_to_fasta/1.0.2
187, 2021-05 ,53.0,__EXTRACT_DATASET__/__EXTRACT_DATASET__
188, 2021-05 ,52.0,fastq_stats/1.1.5
189, 2021-05 ,52.0,lofreq_viterbi/2.1.5+galaxy0
190, 2021-05 ,52.0,snpEff_databases/4.3+T.galaxy2
191, 2021-05 ,52.0,mothur_heatmap_sim/1.39.5.0
192, 2021-05 ,52.0,bedtools_genomecoveragebed/2.30.0
193, 2021-05 ,51.0,cshl_fastx_trimmer/1.0.2+galaxy0
194, 2021-05 ,51.0,snpeff_sars_cov_2/4.5covid19
195, 2021-05 ,51.0,mothur_tree_shared/1.39.5.0
196, 2021-05 ,50.0,mothur_venn/1.39.5.0
197, 2021-05 ,50.0,sam_merge2/1.2.0
198, 2021-05 ,50.0,varscan_copynumber/2.4.3.2
199, 2021-05 ,49.0,mothur_summary_single/1.39.5.2
200, 2021-05 ,49.0,deeptools_bam_compare/3.3.2.0.0
201, 2021-05 ,49.0,mothur_dist_seqs/1.39.5.0
202, 2021-05 ,48.0,bcftools_filter/1.10
203, 2021-05 ,47.0,lofreq_indelqual/2.1.5+galaxy0
204, 2021-05 ,47.0,cuffmerge/2.2.1.2
205, 2021-05 ,47.0,mothur_cluster/1.39.5.0
206, 2021-05 ,47.0,iqtree/1.5.5.3
207, 2021-05 ,46.0,picard_FastqToSam/2.18.2.1
208, 2021-05 ,46.0,collapse_dataset/5.1.0
209, 2021-05 ,46.0,ncbi_blastp_wrapper/2.10.1+galaxy0
210, 2021-05 ,46.0,metaspades/3.9.0
211, 2021-05 ,45.0,CONVERTER_bed_to_bgzip_0/CONVERTER_bed_to_bgzip_0
212, 2021-05 ,45.0,bedtools_getfastabed/2.30.0
213, 2021-05 ,44.0,snpEff_build_gb/4.3+T.galaxy4
214, 2021-05 ,44.0,mothur_seq_error/1.39.5.0
215, 2021-05 ,44.0,circos/0.69.8+galaxy7
216, 2021-05 ,44.0,CONVERTER_bed_to_fli_0/CONVERTER_bed_to_fli_0
217, 2021-05 ,44.0,mothur_get_groups/1.39.5.0
218, 2021-05 ,44.0,Count1/Count1
219, 2021-05 ,43.0,samtools_fastx/1.9+galaxy1
220, 2021-05 ,43.0,tp_multijoin_tool/1.1.1
221, 2021-05 ,43.0,kallisto_quant/0.46.0.4
222, 2021-05 ,43.0,roary/3.13.0+galaxy1
223, 2021-05 ,43.0,gff2bed1/gff2bed1
224, 2021-05 ,43.0,samtools_merge/1.9
225, 2021-05 ,43.0,fastq_trimmer/1.1.5
226, 2021-05 ,42.0,snpSift_filter/4.3+t.galaxy1
227, 2021-05 ,42.0,interactive_tool_rstudio/interactive_tool_rstudio
228, 2021-05 ,42.0,trinity_align_and_estimate_abundance/2.9.1+galaxy1
229, 2021-05 ,42.0,ChangeCase/ChangeCase
230, 2021-05 ,42.0,bamtools/2.4.0.0
231, 2021-05 ,41.0,tp_sorted_uniq/1.1.0
232, 2021-05 ,41.0,bedtools_multiintersectbed/2.30.0
233, 2021-05 ,41.0,maker/2.31.11
234, 2021-05 ,40.0,CONVERTER_fasta_to_2bit/CONVERTER_fasta_to_2bit
235, 2021-05 ,40.0,goenrichment/2.0.1
236, 2021-05 ,40.0,samtools_depth/1.9
237, 2021-05 ,40.0,filter_tabular/3.1.2
238, 2021-05 ,40.0,mothur_taxonomy_to_krona/1.0
239, 2021-05 ,40.0,varscan/2.4.2
240, 2021-05 ,39.0,fasta_filter_by_length/1.2
241, 2021-05 ,39.0,mummer_nucmer/4.0.0beta2+galaxy1
242, 2021-05 ,39.0,picard_NormalizeFasta/2.18.2.1
243, 2021-05 ,39.0,sam_pileup/1.1.3
244, 2021-05 ,39.0,ggplot2_heatmap/2.2.1
245, 2021-05 ,38.0,abricate/1.0.1
246, 2021-05 ,38.0,deeptools_plot_fingerprint/3.3.2.0.0
247, 2021-05 ,38.0,gops_subtract_1/1.0.0
248, 2021-05 ,38.0,ncbi_blastx_wrapper/2.10.1+galaxy0
249, 2021-05 ,38.0,fasttree/2.1.10+galaxy1
250, 2021-05 ,37.0,bamleftalign/1.3.1
251, 2021-05 ,37.0,ncbi_tblastn_wrapper/2.10.1+galaxy0
252, 2021-05 ,37.0,tp_replace_in_column/1.1.3
253, 2021-05 ,36.0,bcftools_norm/1.10
254, 2021-05 ,36.0,fasta_merge_files_and_filter_unique_sequences/1.2.0
255, 2021-05 ,36.0,fastq_paired_end_joiner/2.0.1.1+galaxy0
256, 2021-05 ,36.0,picard_MergeBamAlignment/2.18.2.1
257, 2021-05 ,36.0,fastq_filter/1.1.5
258, 2021-05 ,36.0,diffbind/2.10.0
259, 2021-05 ,35.0,meme_chip/4.11.2+galaxy1
260, 2021-05 ,35.0,pilon/1.20.1
261, 2021-05 ,35.0,deeptools_plot_pca/3.3.2.0.0
262, 2021-05 ,35.0,macs2_predictd/2.1.1.20160309.1
263, 2021-05 ,35.0,ivar_consensus/1.2.2+galaxy0
264, 2021-05 ,34.0,tp_replace_in_line/1.1.2
265, 2021-05 ,34.0,CONVERTER_bed_to_tabix_0/CONVERTER_bed_to_tabix_0
266, 2021-05 ,34.0,fasta_compute_length/1.0.3
267, 2021-05 ,34.0,pathview/1.24.0+galaxy0
268, 2021-05 ,33.0,bandage_info/0.8.1+galaxy1
269, 2021-05 ,33.0,sam_to_bam/2.1.1
270, 2021-05 ,33.0,EMBOSS: needle56/5.0.0.1
271, 2021-05 ,33.0,fastq_paired_end_splitter/1.1.5
272, 2021-05 ,33.0,filter_by_fasta_ids/2.3
273, 2021-05 ,33.0,transdecoder/5.5.0+galaxy1
274, 2021-05 ,32.0,CONVERTER_gff_to_fli_0/CONVERTER_gff_to_fli_0
275, 2021-05 ,32.0,EMBOSS: getorf42/5.0.0.1
276, 2021-05 ,32.0,bedtools_sortbed/2.30.0
277, 2021-05 ,32.0,jvarkit_wgscoverageplotter/20201223+galaxy0
278, 2021-05 ,32.0,datamash_ops/1.1.0
279, 2021-05 ,31.0,ggplot2_pca/2.2.1
280, 2021-05 ,31.0,gffcompare/0.11.2
281, 2021-05 ,31.0,deeptools_multi_bigwig_summary/3.3.2.0.0
282, 2021-05 ,31.0,table_annovar/0.1
283, 2021-05 ,31.0,fastq_join/1.1.2-806.1
284, 2021-05 ,31.0,augustus/3.3.3
285, 2021-05 ,31.0,deeptools_bigwig_compare/3.3.2.0.0
286, 2021-05 ,30.0,tp_find_and_replace/1.1.3
287, 2021-05 ,30.0,CONVERTER_gff_to_interval_index_0/CONVERTER_gff_to_interval_index_0
288, 2021-05 ,30.0,rseqc_bam_stat/2.6.4
289, 2021-05 ,30.0,mummer_mummer/4.0.0beta2+galaxy1
290, 2021-05 ,30.0,fastq_groomer/1.1.1
291, 2021-05 ,30.0,vcfallelicprimitives/1.0.0_rc3+galaxy0
292, 2021-05 ,30.0,bowtie2/2.3.4.3+galaxy0
293, 2021-05 ,29.0,tp_tail_tool/1.1.0
294, 2021-05 ,29.0,kraken-report/1.3.1
295, 2021-05 ,29.0,gatk4_mutect2/4.1.7.0+galaxy02
296, 2021-05 ,29.0,bcftools_plugin_counts/1.10+galaxy1
297, 2021-05 ,28.0,ivar_trim/1.2.2+galaxy1
298, 2021-05 ,28.0,EMBOSS: geecee41/5.0.0
299, 2021-05 ,28.0,pileup_parser/1.0.2
300, 2021-05 ,28.0,addValue/addValue
301, 2021-05 ,28.0,snpSift_annotate/4.3+t.galaxy1
302, 2021-05 ,28.0,megablast_wrapper/1.2.0
303, 2021-05 ,27.0,varscan_mpileup/2.4.3.1
304, 2021-05 ,27.0,velvetg/1.2.10.1
305, 2021-05 ,27.0,seqtk_sample/1.3.2
306, 2021-05 ,27.0,seq_filter_by_id/0.2.7
307, 2021-05 ,26.0,CONVERTER_vcf_to_bgzip_0/CONVERTER_vcf_to_bgzip_0
308, 2021-05 ,26.0,CONVERTER_bedgraph_to_bigwig/CONVERTER_bedgraph_to_bigwig
309, 2021-05 ,26.0,__MERGE_COLLECTION__/__MERGE_COLLECTION__
310, 2021-05 ,26.0,prinseq/0.20.4
311, 2021-05 ,25.0,snpsift_vartype/4.3+t.galaxy0
312, 2021-05 ,25.0,bioext_bealign/0.19.7.0
313, 2021-05 ,25.0,samtools_bedcov/2.0.2
314, 2021-05 ,25.0,dexseq_count/1.28.1.0
315, 2021-05 ,25.0,meme_meme/5.0.5.0
316, 2021-05 ,25.0,ggplot2_point/2.2.1+galaxy2
317, 2021-05 ,25.0,megahit/1.1.3.5
318, 2021-05 ,25.0,cshl_fastq_quality_boxplot/1.0.1
319, 2021-05 ,24.0,vcfcombine/1.0.0_rc3+galaxy0
320, 2021-05 ,24.0,goslimmer/1.0.1
321, 2021-05 ,24.0,bcftools_view/1.10
322, 2021-05 ,24.0,samtool_filter2/1.1.2
323, 2021-05 ,24.0,samtools_calmd/2.0.2
324, 2021-05 ,24.0,__FLATTEN__/__FLATTEN__
325, 2021-05 ,24.0,vcf2tsv/1.0.0_rc3+galaxy0
326, 2021-05 ,23.0,gprofiler_gost/0.1.7+galaxy11
327, 2021-05 ,23.0,ivar_variants/1.2.2+galaxy0
328, 2021-05 ,23.0,trinity_abundance_estimates_to_matrix/2.9.1
329, 2021-05 ,23.0,varscan/0.1
330, 2021-05 ,23.0,bwa_mem/0.7.15.1
331, 2021-05 ,23.0,picard_MarkDuplicates/2.7.1.1
332, 2021-05 ,23.0,bedtools_mergebed/2.30.0
333, 2021-05 ,23.0,bedtools_intersectbed/2.29.0
334, 2021-05 ,23.0,samtools_mpileup/2.1.3
335, 2021-05 ,23.0,rnaspades/3.9.0.2
336, 2021-05 ,23.0,egsea/1.10.0
337, 2021-05 ,22.0,bwa_mem/0.1
338, 2021-05 ,22.0,mothur_merge_files/1.39.5.0
339, 2021-05 ,22.0,lofreq_filter/2.1.5+galaxy0
340, 2021-05 ,22.0,ngsutils_bam_filter/0.5.9
341, 2021-05 ,22.0,allele_counts_1/1.3.2
342, 2021-05 ,22.0,hgv_david/hgv_david
343, 2021-05 ,21.0,naive_variant_caller/0.0.4
344, 2021-05 ,21.0,rbc_splitfasta/0.4.0
345, 2021-05 ,21.0,picard_AddOrReplaceReadGroups/1.126.0
346, 2021-05 ,21.0,bg_diamond_makedb/0.9.29
347, 2021-05 ,21.0,mothur_fastq_info/1.39.5.0
348, 2021-05 ,21.0,picard_MarkDuplicates/1.126.0
349, 2021-05 ,21.0,Paste1/Paste1
350, 2021-05 ,21.0,picard_MergeSamFiles/1.126.0
351, 2021-05 ,21.0,hifiasm/0.14+galaxy0
352, 2021-05 ,21.0,vcfvcfintersect/1.0.0_rc3+galaxy0
353, 2021-05 ,21.0,bp_genbank2gff3/1.1
354, 2021-05 ,21.0,mlst/2.19.0
355, 2021-05 ,21.0,freebayes/0.4
356, 2021-05 ,21.0,EMBOSS: transeq101/5.0.0
357, 2021-05 ,21.0,tp_awk_tool/1.1.2
358, 2021-05 ,21.0,umi_tools_extract/0.5.5.1
359, 2021-05 ,21.0,bed2gff1/bed2gff1
360, 2021-05 ,21.0,cshl_fastx_quality_statistics/1.0.1
361, 2021-05 ,21.0,gd_raxml/1.0.0
362, 2021-05 ,21.0,multiqc/1.8+galaxy1
363, 2021-05 ,20.0,bcftools_annotate/1.10
364, 2021-05 ,20.0,CONVERTER_vcf_to_tabix_0/CONVERTER_vcf_to_tabix_0
365, 2021-05 ,20.0,CONVERTER_interval_to_bigwig_0/CONVERTER_interval_to_bigwig_0
366, 2021-05 ,20.0,get_flanks1/1.0.0
367, 2021-05 ,20.0,qualimap_bamqc/2.2.2d+galaxy3
368, 2021-05 ,20.0,heatmap_1/1.0.0
369, 2021-05 ,20.0,fgsea/1.8.0+galaxy1
370, 2021-05 ,20.0,progressivemauve/2015_02_13.0
371, 2021-05 ,20.0,fasplit/357
372, 2021-05 ,20.0,tximport/0.1
373, 2021-05 ,20.0,samtools_split/1.9
374, 2021-05 ,19.0,subtract_query1/0.1
375, 2021-05 ,19.0,picard_SamToFastq/2.18.2.2
376, 2021-05 ,19.0,picard_CleanSam/1.126.0
377, 2021-05 ,19.0,bg_diamond/0.9.29.0
378, 2021-05 ,19.0,rseqc_geneBody_coverage/2.6.4.3
379, 2021-05 ,19.0,rseqc_read_distribution/2.6.4.1
380, 2021-05 ,19.0,lastz_wrapper_2/1.3.3
381, 2021-05 ,19.0,EMBOSS: union105/5.0.0
382, 2021-05 ,19.0,dexseq/1.28.1+galaxy1
383, 2021-05 ,19.0,bedtools_bamtofastq/2.27.1
384, 2021-05 ,18.0,tp_sed_tool/1.1.1
385, 2021-05 ,18.0,snpfreqplot/1.0+galaxy3
386, 2021-05 ,18.0,uniprot/0.2
387, 2021-05 ,18.0,dada2_seqCounts/1.18+galaxy0
388, 2021-05 ,18.0,EMBOSS: pepstats71/5.0.0
389, 2021-05 ,18.0,venn_list/0.1.1
390, 2021-05 ,18.0,bamFilter/0.0.1
391, 2021-05 ,18.0,fastqc/0.63
392, 2021-05 ,18.0,trimmomatic/0.36.5
393, 2021-05 ,18.0,cshl_fastx_collapser/1.0.1
394, 2021-05 ,17.0,rna_starsolo/2.7.8a
395, 2021-05 ,17.0,samtools_view/1.9+galaxy2
396, 2021-05 ,17.0,EMBOSS: cusp17/5.0.0
397, 2021-05 ,17.0,sailfish/0.10.1.1
398, 2021-05 ,17.0,trimmomatic/0.36.6
399, 2021-05 ,17.0,staramr_search/0.5.1
400, 2021-05 ,17.0,rgweblogo3/3.5.0
401, 2021-05 ,16.0,jcvi_gff_stats/0.8.4
402, 2021-05 ,16.0,__EXPORT_HISTORY_TO_URI__/__EXPORT_HISTORY_TO_URI__
403, 2021-05 ,16.0,cshl_fastx_barcode_splitter/1.0.1
404, 2021-05 ,16.0,EMBOSS: wordcount109/5.0.0.1
405, 2021-05 ,16.0,interactive_tool_jupyter_notebook/interactive_tool_jupyter_notebook
406, 2021-05 ,16.0,liftOver1/liftOver1
407, 2021-05 ,16.0,mergeCols1/mergeCols1
408, 2021-05 ,16.0,rna_star/2.6.0b-1
409, 2021-05 ,16.0,fastqc/0.72
410, 2021-05 ,16.0,mothur_make_group/1.39.5.0
411, 2021-05 ,16.0,bedtools_subtractbed/2.30.0
412, 2021-05 ,16.0,snippy_core/4.5.0
413, 2021-05 ,16.0,cuffdiff/2.2.1.3
414, 2021-05 ,16.0,bcftools_convert_to_vcf/1.10
415, 2021-05 ,16.0,bcftools_consensus/1.10+galaxy1
416, 2021-05 ,15.0,vcfannotate/1.0.0_rc3+galaxy0
417, 2021-05 ,15.0,dada2_filterAndTrim/1.18+galaxy0
418, 2021-05 ,15.0,datamash_transpose/1.1.0
419, 2021-05 ,15.0,augustus_training/3.3.3
420, 2021-05 ,15.0,rseqc_read_quality/2.6.4
421, 2021-05 ,15.0,deeptools_plot_coverage/3.3.2.0.0
422, 2021-05 ,15.0,sickle/1.33.2
423, 2021-05 ,15.0,samtools_markdup/1.9+galaxy2
424, 2021-05 ,15.0,fasta2tab/1.1.0
425, 2021-05 ,15.0,fastq_manipulation/1.1.5
426, 2021-05 ,15.0,pe_histogram/1.0.1
427, 2021-05 ,15.0,kraken-translate/1.3.1
428, 2021-05 ,15.0,lofreq_call/2.1.5+galaxy0
429, 2021-05 ,15.0,bcftools_concat/1.10
430, 2021-05 ,15.0,hisat2/2.1.0+galaxy5
431, 2021-05 ,15.0,featurecounts/1.6.4+galaxy2
432, 2021-05 ,14.0,pygenomeTracks/3.6
433, 2021-05 ,14.0,tophat2/0.9
434, 2021-05 ,14.0,fastq_to_tabular/1.1.5
435, 2021-05 ,14.0,samtools_slice_bam/2.0.1
436, 2021-05 ,14.0,ruvseq/1.16.0+galaxy1
437, 2021-05 ,14.0,bioext_bam2msa/0.19.7.0
438, 2021-05 ,14.0,circos_tableviewer/0.69.8+galaxy7
439, 2021-05 ,14.0,pipelign/0.2+galaxy0
440, 2021-05 ,14.0,bcftools_merge/1.10
441, 2021-05 ,14.0,cummeRbund/2.16.0+galaxy1
442, 2021-05 ,14.0,maxquant/1.6.10.43+galaxy3
443, 2021-05 ,13.0,tp_split_on_column/0.2
444, 2021-05 ,13.0,Extract_features1/Extract_features1
445, 2021-05 ,13.0,bedtools_multicovtbed/2.30.0
446, 2021-05 ,13.0,CONVERTER_sam_to_bigwig_0/CONVERTER_sam_to_bigwig_0
447, 2021-05 ,13.0,filtlong/0.2.0
448, 2021-05 ,13.0,column_remove_by_header/0.0.1
449, 2021-05 ,13.0,gene2exon1/gene2exon1
450, 2021-05 ,13.0,mimodd_varcall/0.1.9
451, 2021-05 ,13.0,plotdexseq/1.28.1.0
452, 2021-05 ,13.0,circos_wiggle_to_stacked/0.69.8+galaxy7
453, 2021-05 ,13.0,cshl_fastx_nucleotides_distribution/1.0.1
454, 2021-05 ,13.0,cshl_fastx_reverse_complement/1.0.2+galaxy0
455, 2021-05 ,13.0,pca1/1.0.2
456, 2021-05 ,13.0,tab2fasta/1.1.0
457, 2021-05 ,13.0,CONVERTER_interval_to_bgzip_0/CONVERTER_interval_to_bgzip_0
458, 2021-05 ,12.0,mothur_screen_seqs/1.39.5.0
459, 2021-05 ,12.0,intervene_upset/0.6.4
460, 2021-05 ,12.0,bedtools_getfastabed/2.29.0
461, 2021-05 ,12.0,bedtools_bedtobam/2.30.0
462, 2021-05 ,12.0,dada2_makeSequenceTable/1.18+galaxy0
463, 2021-05 ,12.0,histogram_rpy/1.0.4
464, 2021-05 ,12.0,ivar_removereads/1.2.2+galaxy1
465, 2021-05 ,12.0,__BUILD_LIST__/__BUILD_LIST__
466, 2021-05 ,12.0,jbrowse_to_standalone/1.16.11+galaxy0
467, 2021-05 ,12.0,__RELABEL_FROM_FILE__/__RELABEL_FROM_FILE__
468, 2021-05 ,12.0,hgv_linkToGProfile/hgv_linkToGProfile
469, 2021-05 ,12.0,CONVERTER_bam_to_qname_sorted_bam/CONVERTER_bam_to_qname_sorted_bam
470, 2021-05 ,12.0,bcftools_stats/1.10
471, 2021-05 ,12.0,cshl_fastx_artifacts_filter/1.0.1+galaxy0
472, 2021-05 ,12.0,cuffmerge/2.2.1.0
473, 2021-05 ,12.0,trinotate/3.2.1
474, 2021-05 ,12.0,CONVERTER_bz2_to_uncompressed/CONVERTER_bz2_to_uncompressed
475, 2021-05 ,12.0,fasta_concatenate0/0.0.1
476, 2021-05 ,12.0,collection_element_identifiers/0.0.2
477, 2021-05 ,11.0,seurat/3.2.2+galaxy0
478, 2021-05 ,11.0,freebayes/1.1.0.46-0
479, 2021-05 ,11.0,column_order_header_sort/0.0.1
480, 2021-05 ,11.0,__IMPORT_HISTORY__/__IMPORT_HISTORY__
481, 2021-05 ,11.0,biom_convert/2.1.5.3
482, 2021-05 ,11.0,flash/1.2.11.4
483, 2021-05 ,11.0,maxbin2/2.2.7+galaxy2
484, 2021-05 ,11.0,cufflinks/2.2.1.0
485, 2021-05 ,11.0,circgraph/0.9-RC2
486, 2021-05 ,11.0,ivar_variants/1.3.1+galaxy0
487, 2021-05 ,11.0,PlasFlow/1.0
488, 2021-05 ,11.0,miniasm/0.3+galaxy0
489, 2021-05 ,11.0,sina/1.7.2+galaxy0
490, 2021-05 ,11.0,gfa_to_fa/0.1.2
491, 2021-05 ,11.0,fastq_combiner/1.1.5
492, 2021-05 ,10.0,mimodd_vcf_filter/0.1.9
493, 2021-05 ,10.0,split_file_to_collection/0.5.0
494, 2021-05 ,10.0,dada2_learnErrors/1.18+galaxy0
495, 2021-05 ,10.0,kc-align/1.0.2
496, 2021-05 ,10.0,Summary_Statistics1/Summary_Statistics1
497, 2021-05 ,10.0,mummer_dnadiff/4.0.0beta2+galaxy1
498, 2021-05 ,10.0,ivar_consensus/1.3.1+galaxy0
499, 2021-05 ,10.0,EMBOSS: equicktandem31/5.0.0.1
500, 2021-05 ,10.0,deeptools_plot_enrichment/3.3.2.0.0
501, 2021-05 ,10.0,addName/0.2.0
502, 2021-05 ,10.0,mothur_summary_single/1.39.5.0
503, 2021-05 ,10.0,snap_training/2013_11_29+galaxy1
504, 2021-05 ,10.0,vcfsort/1.0.0_rc3+galaxy0
505, 2021-05 ,10.0,cshl_fastx_clipper/1.0.3+galaxy0
506, 2021-05 ,10.0,CONVERTER_Bam_Bai_0/CONVERTER_Bam_Bai_0
507, 2021-05 ,10.0,gops_concat_1/1.0.1
508, 2021-05 ,10.0,multiqc/1.9
509, 2021-05 ,10.0,crossmap_gff/0.3.7+galaxy1
510, 2021-05 ,10.0,dropletutils/1.10.0+galaxy1
511, 2021-05 ,10.0,repeatmasker_wrapper/4.0.9
512, 2021-05 ,9.0,ebi_search_rest_results/0.1.1
513, 2021-05 ,9.0,wc_gnu/wc_gnu
514, 2021-05 ,9.0,bedtools_coveragebed/2.30.0
515, 2021-05 ,9.0,quast/5.0.2+galaxy0
516, 2021-05 ,9.0,regex1/1.0.1
517, 2021-05 ,9.0,sam2interval/1.0.2
518, 2021-05 ,9.0,anndata_import/0.7.5+galaxy0
519, 2021-05 ,9.0,bedtools_genomecoveragebed/2.29.0
520, 2021-05 ,9.0,Show tail1/Show tail1
521, 2021-05 ,9.0,heinz_visualization/0.1.1
522, 2021-05 ,9.0,vcfgenotypes/1.0.0_rc3+galaxy0
523, 2021-05 ,9.0,dada2_plotQualityProfile/1.18+galaxy0
524, 2021-05 ,9.0,regexColumn1/1.0.1
525, 2021-05 ,9.0,poretools_extract/0.6.1a1.0
526, 2021-05 ,9.0,bedtools_bedtoigv/2.30.0
527, 2021-05 ,9.0,mothur_chimera_vsearch/1.39.5.1
528, 2021-05 ,9.0,cshl_fasta_formatter/1.0.1
529, 2021-05 ,9.0,rseqc_FPKM_count/2.6.4.1
530, 2021-05 ,9.0,__ZIP_COLLECTION__/__ZIP_COLLECTION__
531, 2021-05 ,9.0,seqtk_subseq/1.3.1
532, 2021-05 ,9.0,rseqc_bam2wig/2.6.4
533, 2021-05 ,9.0,macs2_bdgbroadcall/2.1.1.20160309.0
534, 2021-05 ,9.0,circos_wiggle_to_scatter/0.69.8+galaxy7
535, 2021-05 ,9.0,dada2_plotComplexity/1.18+galaxy0
536, 2021-05 ,9.0,dada2_assignTaxonomyAddspecies/1.18+galaxy0
537, 2021-05 ,8.0,gffcompare_to_bed/0.2.1
538, 2021-05 ,8.0,CONVERTER_interval_to_tabix_0/CONVERTER_interval_to_tabix_0
539, 2021-05 ,8.0,bedtools_closestbed/2.30.0
540, 2021-05 ,8.0,kraken_taxonomy_report/0.0.2
541, 2021-05 ,8.0,gd_multiple_to_gd_genotype/1.0.0
542, 2021-05 ,8.0,ncbi_blastdbcmd_info/2.10.1+galaxy0
543, 2021-05 ,8.0,gops_merge_1/1.0.0
544, 2021-05 ,8.0,mothur_remove_seqs/1.36.1.0
545, 2021-05 ,8.0,mimodd_varextract/0.1.9
546, 2021-05 ,8.0,picard_CollectInsertSizeMetrics/2.18.2.1
547, 2021-05 ,8.0,cuffcompare/2.2.1.2
548, 2021-05 ,8.0,cuffcompare/2.2.1.0
549, 2021-05 ,8.0,gops_coverage_1/1.0.0
550, 2021-05 ,8.0,length_and_gc_content/0.1.1
551, 2021-05 ,8.0,mothur_trim_seqs/1.39.5.0
552, 2021-05 ,8.0,vcfbedintersect/1.0.0_rc3+galaxy0
553, 2021-05 ,8.0,tabular_to_fastq/1.1.5
554, 2021-05 ,8.0,medaka_consensus_pipeline/1.0.3+galaxy2
555, 2021-05 ,8.0,dada2_mergePairs/1.18+galaxy0
556, 2021-05 ,8.0,mummer_mummerplot/4.0.0beta2+galaxy1
557, 2021-05 ,8.0,ebi_metagenomics_run_downloader/0.1.0
558, 2021-05 ,8.0,trinity_run_de_analysis/2.9.1
559, 2021-05 ,7.0,export2graphlan/0.20+galaxy0
560, 2021-05 ,7.0,bedtools_windowbed/2.30.0
561, 2021-05 ,7.0,circos_binlinks/0.69.8+galaxy7
562, 2021-05 ,7.0,blastxml_to_tabular/2.10.1+galaxy0
563, 2021-05 ,7.0,trimmer/trimmer
564, 2021-05 ,7.0,bwameth/0.2.2
565, 2021-05 ,7.0,EMBOSS: etandem33/5.0.0.1
566, 2021-05 ,7.0,mothur_pcoa/1.39.5.0
567, 2021-05 ,7.0,picard_MarkDuplicates/2.18.2.1
568, 2021-05 ,7.0,ococo/0.1.2.6
569, 2021-05 ,7.0,genrich/0.5+galaxy2
570, 2021-05 ,7.0,count_gff_features/0.2
571, 2021-05 ,7.0,bedtools_makewindowsbed/2.30.0
572, 2021-05 ,7.0,snpSift_vcfCheck/4.3+t.galaxy0
573, 2021-05 ,7.0,crossmap_bed/0.3.7+galaxy1
574, 2021-05 ,7.0,bamtools_split/2.4.0
575, 2021-05 ,7.0,tb_profiler_profile/2.8.14+galaxy1
576, 2021-05 ,7.0,prokka/1.14.5
577, 2021-05 ,7.0,exomedepth/1.1.0
578, 2021-05 ,7.0,gmx_setup/2020.2+galaxy0
579, 2021-05 ,7.0,tp_uniq_tool/1.1.1
580, 2021-05 ,7.0,dada2_dada/1.18+galaxy0
581, 2021-05 ,7.0,trinity_super_transcripts/2.9.1
582, 2021-05 ,7.0,dada2_removeBimeraDenovo/1.18+galaxy0
583, 2021-05 ,7.0,vcffixup/1.0.0_rc3+galaxy0
584, 2021-05 ,7.0,bg_find_subsequences/0.2
585, 2021-05 ,7.0,intervene_pairwise/0.6.4
586, 2021-05 ,7.0,collapse_dataset/4.0
587, 2021-05 ,7.0,collapse_dataset/4.1
588, 2021-05 ,7.0,macs2_filterdup/2.1.1.20160309.1
589, 2021-05 ,7.0,plant_tribes_assembly_post_processor/1.0.3.0
590, 2021-05 ,7.0,plant_tribes_gene_family_classifier/1.0.3.0
591, 2021-05 ,7.0,macs2_bdgdiff/2.1.1.20160309.1
592, 2021-05 ,7.0,random_lines1/random_lines1
593, 2021-05 ,7.0,mimodd_varreport/0.1.9
594, 2021-05 ,6.0,cd_hit_dup/0.0.1
595, 2021-05 ,6.0,bedtools_annotatebed/2.30.0
596, 2021-05 ,6.0,Add_a_column1/1.2.0
597, 2021-05 ,6.0,gd_pca/1.0.0
598, 2021-05 ,6.0,gff_to_prot/3.0.2+galaxy0
599, 2021-05 ,6.0,pileup_interval/1.0.3
600, 2021-05 ,6.0,bedtools_maskfastabed/2.30.0
601, 2021-05 ,6.0,cuffmerge/2.2.1.1
602, 2021-05 ,6.0,cuffquant/2.2.1.1
603, 2021-05 ,6.0,kraken-mpa-report/1.2.4
604, 2021-05 ,6.0,hyphy_annotate/2.5.31
605, 2021-05 ,6.0,seqtk_seq/1.3.3
606, 2021-05 ,6.0,get_pdb/0.1.0
607, 2021-05 ,6.0,jbrowse/1.16.9+galaxy0
608, 2021-05 ,6.0,sequence_content_trimmer/0.1
609, 2021-05 ,6.0,newick_display/1.6
610, 2021-05 ,6.0,anndata_inspect/0.7.5+galaxy0
611, 2021-05 ,6.0,multiqc/1.6
612, 2021-05 ,6.0,maker_map_ids/2.31.11
613, 2021-05 ,6.0,mothur_merge_count/1.39.5.0
614, 2021-05 ,6.0,mothur_pcr_seqs/1.39.5.0
615, 2021-05 ,6.0,samtools_fixmate/1.9
616, 2021-05 ,6.0,rapidnj/2.3.2
617, 2021-05 ,6.0,featurecounts/1.6.4+galaxy1
618, 2021-05 ,6.0,bed_to_bigBed/bed_to_bigBed
619, 2021-05 ,6.0,macs2_refinepeak/2.1.1.20160309.1
620, 2021-05 ,6.0,lofreq_alnqual/2.1.5+galaxy0
621, 2021-05 ,6.0,cat_prepare/5.0.3.0
622, 2021-05 ,6.0,cshl_fastx_renamer/0.0.14+galaxy1
623, 2021-05 ,6.0,predict_pipeline/1.0
624, 2021-05 ,6.0,htseq_count/0.6.1galaxy1
625, 2021-05 ,6.0,build_ucsc_custom_track_1/1.0.0
626, 2021-05 ,6.0,tp_awk_tool/1.1.1
627, 2021-05 ,6.0,trinity_filter_low_expr_transcripts/2.9.1
628, 2021-05 ,6.0,trim_galore/0.4.3.1
629, 2021-05 ,6.0,ggplot2_histogram/2.2.1+galaxy0
630, 2021-05 ,6.0,__FILTER_FROM_FILE__/__FILTER_FROM_FILE__
631, 2021-05 ,6.0,star_fusion/0.5.4-3+galaxy1
632, 2021-05 ,6.0,disco/1.2.0
633, 2021-05 ,6.0,mimodd_map/0.1.9
634, 2021-05 ,6.0,spaln/2.4.03+galaxy0
635, 2021-05 ,6.0,vcfgeno2haplo/1.0.0_rc3+galaxy0
636, 2021-05 ,5.0,vcftools_annotate/0.1
637, 2021-05 ,5.0,fastq_filter/1.1.1
638, 2021-05 ,5.0,kraken-filter/1.3.1
639, 2021-05 ,5.0,poretools_hist/0.6.1a1.1
640, 2021-05 ,5.0,qualimap_bamqc/2.2.2d+galaxy1
641, 2021-05 ,5.0,qualimap_multi_bamqc/2.2.2d
642, 2021-05 ,5.0,ncbi_blastdbcmd_wrapper/2.10.1+galaxy0
643, 2021-05 ,5.0,rna_star/2.7.5b
644, 2021-05 ,5.0,mothur_rarefaction_shared/1.39.5.0
645, 2021-05 ,5.0,picard_CollectWgsMetrics/2.18.2.1
646, 2021-05 ,5.0,picard_DownsampleSam/2.18.2.1
647, 2021-05 ,5.0,scanpy_filter/1.7.1+galaxy0
648, 2021-05 ,5.0,seqtk_mergefa/1.3.1
649, 2021-05 ,5.0,EMBOSS: cpgplot15/5.0.0
650, 2021-05 ,5.0,picard_MarkDuplicatesWithMateCigar/2.18.2.1
651, 2021-05 ,5.0,cuffnorm/2.2.1.3
652, 2021-05 ,5.0,mothur_heatmap_bin/1.39.5.0
653, 2021-05 ,5.0,gops_complement_1/1.0.0
654, 2021-05 ,5.0,samtools_idxstats/2.0.1
655, 2021-05 ,5.0,fasterq_dump/2.10.8+galaxy0
656, 2021-05 ,5.0,fastq_dump/2.10.4+galaxy1
657, 2021-05 ,5.0,taxonomy_krona_chart/2.6.1.1
658, 2021-05 ,5.0,tp_unfold_column_tool/1.1.1
659, 2021-05 ,5.0,umi_tools_count/0.5.5.1
660, 2021-05 ,5.0,tp_cut_tool/1.0.0
661, 2021-05 ,5.0,vcfannotategenotypes/1.0.0_rc3+galaxy0
662, 2021-05 ,5.0,vcfselectsamples/1.0.0_rc3+galaxy0
663, 2021-05 ,5.0,vcftools_slice/0.1
664, 2021-05 ,5.0,macs2_bdgcmp/2.1.1.20160309.0
665, 2021-05 ,5.0,bcftools_view/0.0.1
666, 2021-05 ,5.0,gff_filter_by_feature_count/gff_filter_by_feature_count
667, 2021-05 ,5.0,CONVERTER_cram_to_bam_0/CONVERTER_cram_to_bam_0
668, 2021-05 ,5.0,kallisto_pseudo/0.46.0.1
669, 2021-05 ,5.0,jbrowse/1.16.8+galaxy1
670, 2021-05 ,5.0,idr/2.0.3
671, 2021-05 ,5.0,hyphy_meme/2.5.31+galaxy2
672, 2021-05 ,5.0,bcftools_reheader/1.10
673, 2021-05 ,5.0,deseq2/2.1.8.3
674, 2021-05 ,5.0,datamash_reverse/1.1.0
675, 2021-05 ,5.0,bedtools_bamtobed/2.29.2
676, 2021-05 ,5.0,gprofiler_snpense/0.1.7+galaxy11
677, 2021-05 ,5.0,bedtools_clusterbed/2.30.0
678, 2021-05 ,5.0,crossmap_wig/0.3.7+galaxy1
679, 2021-05 ,5.0,crossmap_vcf/0.3.7+galaxy1
680, 2021-05 ,5.0,bedtools_mergebed/2.29.2
681, 2021-05 ,5.0,compose_text_param/0.1.1
682, 2021-05 ,5.0,bedtools_slopbed/2.30.0
683, 2021-05 ,5.0,bedtools_unionbedgraph/2.30.0
684, 2021-05 ,5.0,vcf_to_maf_customtrack1/vcf_to_maf_customtrack1
685, 2021-05 ,5.0,multiqc/1.7
686, 2021-05 ,4.0,deeptools_compute_matrix/3.1.2.0.0
687, 2021-05 ,4.0,deseq2/2.11.40.6
688, 2021-05 ,4.0,deseq2/2.11.40.2
689, 2021-05 ,4.0,rseqc_RPKM_saturation/2.6.4.1
690, 2021-05 ,4.0,masigpro/1.49.3.1+galaxy1
691, 2021-05 ,4.0,query_tabular/3.1.2
692, 2021-05 ,4.0,circos_gc_skew/0.69.8+galaxy7
693, 2021-05 ,4.0,ml_visualization_ex/1.0.8.2
694, 2021-05 ,4.0,bcftools_query_list_samples/1.10
695, 2021-05 ,4.0,circos_bundlelinks/0.69.8+galaxy7
696, 2021-05 ,4.0,cshl_fastx_collapser/1.0.0
697, 2021-05 ,4.0,ucsc_table_direct_archaea1/ucsc_table_direct_archaea1
698, 2021-05 ,4.0,medaka_consensus/1.0.3+galaxy2
699, 2021-05 ,4.0,plotly_parallel_coordinates_plot/0.2
700, 2021-05 ,4.0,bamleftalign/1.1.0.46-0
701, 2021-05 ,4.0,vcfhethom/1.0.0_rc3+galaxy0
702, 2021-05 ,4.0,quast/4.6.3
703, 2021-05 ,4.0,EMBOSS: primersearch81/5.0.0.1
704, 2021-05 ,4.0,racon/1.3.1.1
705, 2021-05 ,4.0,replace_column_with_key_value_file/0.2
706, 2021-05 ,4.0,circos_aln_to_links/0.69.8+galaxy7
707, 2021-05 ,4.0,gd_cluster_kegg/1.0.0
708, 2021-05 ,4.0,minimap2/2.17+galaxy2
709, 2021-05 ,4.0,vcfbreakcreatemulti/1.0.0_rc3+galaxy0
710, 2021-05 ,4.0,CONVERTER_interval_to_bed6_0/CONVERTER_interval_to_bed6_0
711, 2021-05 ,4.0,busco/4.1.4
712, 2021-05 ,4.0,sklearn_numeric_clustering/1.0.8.2
713, 2021-05 ,4.0,vsearch_sorting/2.8.3.0
714, 2021-05 ,4.0,xmfa2gff3/2015_02_13.1
715, 2021-05 ,4.0,vsearch_clustering/2.8.3.0
716, 2021-05 ,4.0,ggplot2_violin/2.2.1+galaxy0
717, 2021-05 ,4.0,vcf2pgSnp/1.0.0
718, 2021-05 ,4.0,tophat2/2.1.0
719, 2021-05 ,4.0,mothur_biom_info/1.39.5.0
720, 2021-05 ,4.0,MAF_To_BED1/MAF_To_BED1
721, 2021-05 ,4.0,trinity_contig_exn50_statistic/2.9.1
722, 2021-05 ,4.0,bedtools_flankbed/2.30.0
723, 2021-05 ,4.0,hetbox/1.0
724, 2021-05 ,4.0,gmx_solvate/2020.2+galaxy0
725, 2021-05 ,4.0,EMBOSS: water107/5.0.0.1
726, 2021-05 ,4.0,prokka/1.12.0
727, 2021-05 ,4.0,flanking_features_1/4.0.1
728, 2021-05 ,4.0,bedtools_groupbybed/2.30.0
729, 2021-05 ,4.0,bamSplit/2.4.0
730, 2021-05 ,4.0,fastq_dump/2.10.8+galaxy0
731, 2021-05 ,4.0,bowtie_wrapper/1.1.2
732, 2021-05 ,4.0,gops_cluster_1/1.0.0
733, 2021-05 ,4.0,CONVERTER_sam_to_unsorted_bam/CONVERTER_sam_to_unsorted_bam
734, 2021-05 ,4.0,samtool_filter2/1.8
735, 2021-05 ,4.0,cor2/1.0.0
736, 2021-05 ,4.0,mothur_make_biom/1.36.1.0
737, 2021-05 ,4.0,mothur_make_contigs/1.39.5.0
738, 2021-05 ,4.0,picard_ValidateSamFile/2.18.2.1
739, 2021-05 ,4.0,cshl_fasta_nucleotides_changer/1.0.2
740, 2021-05 ,4.0,mothur_make_lefse/1.39.5.0
741, 2021-05 ,4.0,fastq_groomer/1.0.4
742, 2021-05 ,4.0,picard_QualityScoreDistribution/2.18.2.1
743, 2021-05 ,4.0,seqtk_trimfq/1.3.1
744, 2021-05 ,4.0,bedtools_multiintersectbed/2.29.2
745, 2021-05 ,4.0,scanpy_normalize/1.7.1+galaxy0
746, 2021-05 ,4.0,picard_FilterSamReads/2.18.2.1
747, 2021-05 ,4.0,bedtools_overlapbed/2.30.0
748, 2021-05 ,4.0,scanpy_cluster_reduce_dimension/1.7.1+galaxy0
749, 2021-05 ,4.0,EMBOSS: einverted28/5.0.0.1
750, 2021-05 ,4.0,picard_BedToIntervalList/2.18.2.1
751, 2021-05 ,4.0,EMBOSS: extractseq35/5.0.0
752, 2021-05 ,4.0,ncbi_tblastx_wrapper/2.10.1+galaxy0
753, 2021-05 ,4.0,mothur_summary_tax/1.39.5.0
754, 2021-05 ,4.0,EMBOSS: iep45/5.0.0.1
755, 2021-05 ,4.0,rna_star/2.7.7a
756, 2021-05 ,4.0,fargene/0.1+galaxy1
757, 2021-05 ,4.0,mimodd_convert/0.1.9
758, 2021-05 ,4.0,mimodd_info/0.1.9
759, 2021-05 ,4.0,bcftools_cnv/1.10
760, 2021-05 ,4.0,bcftools_isec/1.10
761, 2021-05 ,4.0,kobas_annotate/2.1.1
762, 2021-05 ,4.0,__UNZIP_COLLECTION__/__UNZIP_COLLECTION__
763, 2021-05 ,4.0,bandage_image/0.8.1+galaxy2
764, 2021-05 ,4.0,mimodd_reheader/0.1.9
765, 2021-05 ,4.0,melt/1.4.2
766, 2021-05 ,4.0,anndata_manipulate/0.7.5+galaxy0
767, 2021-05 ,4.0,gff_filter_by_attribute/gff_filter_by_attribute
768, 2021-05 ,4.0,hgv_ldtools/hgv_ldtools
769, 2021-05 ,4.0,hgv_sift/hgv_sift
770, 2021-05 ,4.0,microsatellite/1.0.0
771, 2021-05 ,4.0,collapse_dataset/4.2
772, 2021-05 ,4.0,ivar_filtervariants/1.3.1+galaxy0
773, 2021-05 ,3.0,snpEff_get_chr_names/4.3+T.galaxy2
774, 2021-05 ,3.0,CONVERTER_fasta_to_bowtie_base_index/CONVERTER_fasta_to_bowtie_base_index
775, 2021-05 ,3.0,__FILTER_EMPTY_DATASETS__/__FILTER_EMPTY_DATASETS__
776, 2021-05 ,3.0,__SORTLIST__/__SORTLIST__
777, 2021-05 ,3.0,gtf_filter_by_attribute_values_list/gtf_filter_by_attribute_values_list
778, 2021-05 ,3.0,ctb_online_data_fetch/0.2
779, 2021-05 ,3.0,deeptools_plot_heatmap/3.3.0.0.1
780, 2021-05 ,3.0,bg_diamond_view/0.9.29
781, 2021-05 ,3.0,keras_model_builder/0.5.0
782, 2021-05 ,3.0,keras_model_config/0.5.0
783, 2021-05 ,3.0,salmon/0.14.1.2+galaxy1
784, 2021-05 ,3.0,sklearn_data_preprocess/1.0.8.2
785, 2021-05 ,3.0,tp_sort_rows/1.1.0
786, 2021-05 ,3.0,getalleleseq/0.0.1
787, 2021-05 ,3.0,phylorelatives/0.0.1
788, 2021-05 ,3.0,gmx_editconf/2020.2+galaxy0
789, 2021-05 ,3.0,bwa_wrapper/1.2.3
790, 2021-05 ,3.0,EMBOSS: compseq14/5.0.0.1
791, 2021-05 ,3.0,EMBOSS: plotcon75/5.0.0.1
792, 2021-05 ,3.0,EMBOSS: polydot77/5.0.0.1
793, 2021-05 ,3.0,EMBOSS: sixpack90/5.0.0+galaxy2
794, 2021-05 ,3.0,fastqc/0.52
795, 2021-05 ,3.0,fastqc/0.64
796, 2021-05 ,3.0,fastqc/0.69
797, 2021-05 ,3.0,hgv_funDo/1.0.0
798, 2021-05 ,3.0,kpca1/1.0.0
799, 2021-05 ,3.0,lda_analy1/1.0.1
800, 2021-05 ,3.0,picard_CASM/2.18.2.1
801, 2021-05 ,3.0,picard_ReorderSam/2.18.2.1
802, 2021-05 ,3.0,sam_bw_filter/1.0.0
803, 2021-05 ,3.0,scatterplot_rpy/1.0.3
804, 2021-05 ,3.0,trim_reads/1.0.0
805, 2021-05 ,3.0,vcffilter2/1.0.0_rc1+galaxy1
806, 2021-05 ,3.0,vcfflatten2/1.0.0_rc3+galaxy0
807, 2021-05 ,3.0,vcfprimers/1.0.0_rc3+galaxy0
808, 2021-05 ,3.0,msstats/3.22.0.0
809, 2021-05 ,3.0,unipept/4.3.0
810, 2021-05 ,3.0,multigps/0.74.0
811, 2021-05 ,3.0,plant_tribes_kaks_analysis/1.0.3.0
812, 2021-05 ,3.0,cloudmap_variant_discovery_mapping/1.0.0
813, 2021-05 ,3.0,snp_mapping_using_wgs/1.0.0
814, 2021-05 ,3.0,abricate_list/1.0.1
815, 2021-05 ,3.0,annotatemyids/3.7.0+galaxy2
816, 2021-05 ,3.0,bam_to_scidx/1.0.1
817, 2021-05 ,3.0,bedtools_bedtoigv/2.29.2
818, 2021-05 ,3.0,bedtools_fisher/2.30.0
819, 2021-05 ,3.0,bedtools_jaccard/2.30.0
820, 2021-05 ,3.0,bedtools_slopbed/2.29.0
821, 2021-05 ,3.0,bedtools_sortbed/2.29.2
822, 2021-05 ,3.0,bedtools_spacingbed/2.30.0
823, 2021-05 ,3.0,biom_add_metadata/2.1.5.1
824, 2021-05 ,3.0,busco/4.1.2
825, 2021-05 ,3.0,cat_contigs/5.0.3.1
826, 2021-05 ,3.0,circos_interval_to_text/0.69.8+galaxy7
827, 2021-05 ,3.0,circos_interval_to_tile/0.69.8+galaxy7
828, 2021-05 ,3.0,exonerate/2.4.0+galaxy2
829, 2021-05 ,3.0,gff3.rebase/1.2
830, 2021-05 ,3.0,heinz_bum/1.0
831, 2021-05 ,3.0,hisat2/2.1.0+galaxy4
832, 2021-05 ,3.0,idba_ud/1.1.3+galaxy1
833, 2021-05 ,3.0,jbrowse/1.16.10+galaxy0
834, 2021-05 ,3.0,jbrowse/1.16.8+galaxy0
835, 2021-05 ,3.0,khmer_abundance_distribution_single/3.0.0a3+galaxy1
836, 2021-05 ,3.0,meme_fimo/5.0.5.0
837, 2021-05 ,3.0,meme_psp_gen/5.0.5.0
838, 2021-05 ,3.0,migmap/1.0.3+galaxy1
839, 2021-05 ,3.0,mlst_list/2.19.0
840, 2021-05 ,3.0,mothur_classify_seqs/1.36.1.0
841, 2021-05 ,3.0,mothur_lefse/1.39.5.0
842, 2021-05 ,3.0,mothur_pre_cluster/1.36.1.0
843, 2021-05 ,3.0,mummer_delta_filter/4.0.0beta2+galaxy1
844, 2021-05 ,3.0,poretools_stats/0.6.1a1.0
845, 2021-05 ,3.0,poretools_tabular/0.6.1a1.0
846, 2021-05 ,3.0,repmatch_gff3/1.0.3
847, 2021-05 ,3.0,cast/1.4.2
848, 2021-05 ,3.0,rna_star/2.7.2b
849, 2021-05 ,3.0,samtools_view/1.9+galaxy1
850, 2021-05 ,3.0,scanpy_inspect/1.7.1+galaxy0
851, 2021-05 ,3.0,scanpy_plot/1.7.1+galaxy0
852, 2021-05 ,3.0,scanpy_remove_confounders/1.7.1+galaxy0
853, 2021-05 ,3.0,scpipe/1.0.0+galaxy2
854, 2021-05 ,3.0,seqtk_comp/1.3.1
855, 2021-05 ,3.0,shovill/1.0.4+galaxy1
856, 2021-05 ,3.0,snpSift_int/4.3+t.galaxy0
857, 2021-05 ,3.0,snpSift_geneSets/4.3.0
858, 2021-05 ,3.0,socru/2.1.7
859, 2021-05 ,3.0,fasterq_dump/2.10.4
860, 2021-05 ,3.0,sra_pileup/2.10.3
861, 2021-05 ,3.0,tbvcfreport/0.1.7+galaxy0
862, 2021-05 ,3.0,tn93_cluster/1.0.6
863, 2021-05 ,3.0,trinotate/3.1.1
864, 2021-05 ,3.0,unicycler/0.4.6.0
865, 2021-05 ,3.0,vegan_fisher_alpha/2.4-3
866, 2021-05 ,3.0,vegan_rarefaction/2.4-3
867, 2021-05 ,3.0,vsearch_chimera_detection/2.8.3.0
868, 2021-05 ,3.0,vsearch_search/2.8.3.1
869, 2021-05 ,3.0,align_families/2.15
870, 2021-05 ,3.0,rseqc_read_GC/2.6.4
871, 2021-05 ,3.0,mimodd_header/0.1.9
872, 2021-05 ,3.0,mimodd_sort/0.1.9
873, 2021-05 ,2.0,fastq_masker_by_quality/1.1.5
874, 2021-05 ,2.0,bedtools_bed12tobed6/2.30.0
875, 2021-05 ,2.0,bio_hansel/0.1.0
876, 2021-05 ,2.0,bacteria_tradis/1.4.5+galaxy2
877, 2021-05 ,2.0,jq/1.0
878, 2021-05 ,2.0,bcftools_consensus/1.10
879, 2021-05 ,2.0,gd_phylogenetic_tree/1.1.0
880, 2021-05 ,2.0,hyphy_busted/2.5.31+galaxy1
881, 2021-05 ,2.0,hyphy_cfel/2.5.31+galaxy1
882, 2021-05 ,2.0,edger/3.20.7.2
883, 2021-05 ,2.0,poretools_qualpos/0.6.1a1.1
884, 2021-05 ,2.0,picard_artifact_metrics/2.18.2.1
885, 2021-05 ,2.0,gd_new_oscar/1.0.0
886, 2021-05 ,2.0,medaka_variant/1.0.3+galaxy3
887, 2021-05 ,2.0,medaka_variant_pipeline/1.0.3+galaxy1
888, 2021-05 ,2.0,gd_coverage_distributions/1.0.0
889, 2021-05 ,2.0,hyphy_conv/2.5.31+galaxy1
890, 2021-05 ,2.0,presto_assemblepairs/0.5.4
891, 2021-05 ,2.0,presto_buildconsensus/0.5.4
892, 2021-05 ,2.0,bedtools_nucbed/2.30.0
893, 2021-05 ,2.0,rseqc_junction_annotation/2.6.4.1
894, 2021-05 ,2.0,vcffilter2/1.0.0_rc1+galaxy3
895, 2021-05 ,2.0,mothur_make_shared/1.36.1.0
896, 2021-05 ,2.0,picard_FixMateInformation/2.18.2.1
897, 2021-05 ,2.0,pygenomeTracks/3.5
898, 2021-05 ,2.0,tabular_to_dbnsfp/tabular_to_dbnsfp
899, 2021-05 ,2.0,bedtools_reldistbed/2.30.0
900, 2021-05 ,2.0,picard_CollectRnaSeqMetrics/2.18.2.2
901, 2021-05 ,2.0,mothur_merge_groups/1.39.5.0
902, 2021-05 ,2.0,vcffilter2/1.0.0_rc1+galaxy2
903, 2021-05 ,2.0,mothur_nmds/1.39.5.0
904, 2021-05 ,2.0,EMBOSS: prettyplot79/5.0.0.1
905, 2021-05 ,2.0,crosscontamination_barcode_filter/0.3
906, 2021-05 ,2.0,EMBOSS: plotorf76/5.0.0
907, 2021-05 ,2.0,mothur_pairwise_seqs/1.39.5.0
908, 2021-05 ,2.0,EMBOSS: pepwheel72/5.0.0.1
909, 2021-05 ,2.0,raceid_clustering/3.1
910, 2021-05 ,2.0,raceid_filtnormconf/3.1
911, 2021-05 ,2.0,raceid_inspectclusters/3.1
912, 2021-05 ,2.0,hyphy_fade/2.5.31+galaxy1
913, 2021-05 ,2.0,mothur_pca/1.39.5.0
914, 2021-05 ,2.0,picard_CollectHsMetrics/2.18.2
915, 2021-05 ,2.0,crossmap_bam/0.3.7+galaxy1
916, 2021-05 ,2.0,rseqc_insertion_profile/2.6.4
917, 2021-05 ,2.0,cutadapt/1.16.5
918, 2021-05 ,2.0,EMBOSS: palindrome65/5.0.0.1
919, 2021-05 ,2.0,__FILTER_FAILED_DATASETS__/__FILTER_FAILED_DATASETS__
920, 2021-05 ,2.0,cutadapt/1.16.3
921, 2021-05 ,2.0,EMBOSS: newcpgseek58/5.0.0.1
922, 2021-05 ,2.0,mothur_phylotype/1.39.5.0
923, 2021-05 ,2.0,khmer_normalize_by_median/3.0.0a3+galaxy1
924, 2021-05 ,2.0,dropletutils/1.2.1+2
925, 2021-05 ,2.0,hyphy_fel/2.5.31+galaxy1
926, 2021-05 ,2.0,roary/3.13.0+galaxy0
927, 2021-05 ,2.0,vcfaddinfo/1.0.0_rc3+galaxy0
928, 2021-05 ,2.0,CONVERTER_wiggle_to_interval_0/CONVERTER_wiggle_to_interval_0
929, 2021-05 ,2.0,deseq2/2.11.39
930, 2021-05 ,2.0,EMBOSS: fuzznuc37/5.0.2
931, 2021-05 ,2.0,basil/1.2.0
932, 2021-05 ,2.0,EMBOSS: extractfeat34/5.0.0.1
933, 2021-05 ,2.0,vsearch_dereplication/2.8.3.0
934, 2021-05 ,2.0,samtools_view/1.9
935, 2021-05 ,2.0,Sff_extractor/Sff_extractor
936, 2021-05 ,2.0,EMBOSS: dottup26/5.0.0.1
937, 2021-05 ,2.0,Condense characters1/Condense characters1
938, 2021-05 ,2.0,sarscov2formatter/0.5.3+galaxy1
939, 2021-05 ,2.0,hyphy_gard/2.5.31+galaxy1
940, 2021-05 ,2.0,EMBOSS: dotpath25/5.0.0.1
941, 2021-05 ,2.0,EMBOSS: dotmatcher24/5.0.0.1
942, 2021-05 ,2.0,vsearch_alignment/2.8.3.0
943, 2021-05 ,2.0,megablast_xml_parser/1.0.1
944, 2021-05 ,2.0,CONVERTER_biom2_to_biom1/CONVERTER_biom2_to_biom1
945, 2021-05 ,2.0,LinearRegression1/1.0.1
946, 2021-05 ,2.0,scikit_bio_diversity_beta_diversity/0.4.2.0
947, 2021-05 ,2.0,sklearn_svm_classifier/1.0.8.2
948, 2021-05 ,2.0,sklearn_train_test_eval/1.0.8.2
949, 2021-05 ,2.0,seqtk_dropse/1.3.1
950, 2021-05 ,2.0,mothur_rename_seqs/1.39.5.0
951, 2021-05 ,2.0,EMBOSS: degapseq20/5.0.0
952, 2021-05 ,2.0,tp_tac/1.1.0
953, 2021-05 ,2.0,bedtools_subtractbed/2.29.2
954, 2021-05 ,2.0,tp_text_file_with_recurring_lines/1.1.0
955, 2021-05 ,2.0,EMBOSS: cirdna11/5.0.0
956, 2021-05 ,2.0,EMBOSS: chips10/5.0.0
957, 2021-05 ,2.0,mothur_align_seqs/1.36.1.0
958, 2021-05 ,2.0,t_test_two_samples/1.0.1
959, 2021-05 ,2.0,graphembed/2.4.0
960, 2021-05 ,2.0,rseqc_tin/2.6.4.1
961, 2021-05 ,2.0,ivar_trim/1.3.1+galaxy0
962, 2021-05 ,2.0,CONVERTER_bcf_to_bcf_uncompressed/CONVERTER_bcf_to_bcf_uncompressed
963, 2021-05 ,2.0,mothur_chimera_uchime/1.39.5.0
964, 2021-05 ,2.0,bcftools_plugin_fill_tags/1.10
965, 2021-05 ,2.0,snippy_clean_full_aln/4.5.0
966, 2021-05 ,2.0,bedtools_bedtobam/2.29.2
967, 2021-05 ,2.0,gffread/0.11.6.0
968, 2021-05 ,2.0,generate_matrix_for_pca_and_lda1/1.0.0
969, 2021-05 ,2.0,mothur_chop_seqs/1.39.5.0
970, 2021-05 ,2.0,snpEff_databases/4.3+T.galaxy1
971, 2021-05 ,2.0,cuffdiff/2.2.1.2
972, 2021-05 ,2.0,hhsearch/3.2.0+galaxy0
973, 2021-05 ,2.0,peakcalling_sicer/1.1
974, 2021-05 ,2.0,featurecounts/1.6.3+galaxy2
975, 2021-05 ,2.0,Add_a_column1/1.1.0
976, 2021-05 ,2.0,iwtomics_loadandplot/1.0.0.0
977, 2021-05 ,2.0,mothur_unifrac_unweighted/1.39.5.0
978, 2021-05 ,2.0,gubbins/0.1.0
979, 2021-05 ,2.0,snpSift_filter/4.3+t.galaxy0
980, 2021-05 ,2.0,mothur_clearcut/1.39.5.0
981, 2021-05 ,2.0,MAF_To_Fasta1/MAF_To_Fasta1
982, 2021-05 ,2.0,cshl_fastx_trimmer/1.0.0
983, 2021-05 ,2.0,hyphy_slac/2.5.31+galaxy1
984, 2021-05 ,2.0,bowtie_wrapper/1.2.0
985, 2021-05 ,2.0,snpSift_dbnsfp/4.3.0
986, 2021-05 ,2.0,naive_variant_caller/0.0.2
987, 2021-05 ,2.0,trinity_align_and_estimate_abundance/2.9.1
988, 2021-05 ,2.0,bedtools_complementbed/2.30.0
989, 2021-05 ,2.0,deeptools_bam_pe_fragmentsize/3.3.2.0.0
990, 2021-05 ,2.0,mimodd_rebase/0.1.9
991, 2021-05 ,2.0,fasterq_dump/2.10.7+galaxy1
992, 2021-05 ,2.0,fasterq_dump/2.10.7+galaxy2
993, 2021-05 ,2.0,bowtie2/2.3.4.2
994, 2021-05 ,2.0,mothur_cluster_split/1.36.1.0
995, 2021-05 ,2.0,multiqc/1.8+galaxy0
996, 2021-05 ,2.0,CONVERTER_tar_to_directory/CONVERTER_tar_to_directory
997, 2021-05 ,2.0,bowtie2/2.2.6.2
998, 2021-05 ,2.0,rseqc_mismatch_profile/2.6.4
999, 2021-05 ,2.0,fastq_dump/2.9.1.3
1000, 2021-05 ,2.0,gprofiler_orth/0.1.7+galaxy11
1001, 2021-05 ,2.0,gops_basecoverage_1/1.0.0
1002, 2021-05 ,2.0,gmx_em/2020.2+galaxy0
1003, 2021-05 ,2.0,bcftools_query/1.10
1004, 2021-05 ,2.0,stringtie/1.0.3
1005, 2021-05 ,2.0,plant_tribes_gene_family_aligner/1.0.3.0
1006, 2021-05 ,2.0,samtools_phase/2.0.1
1007, 2021-05 ,2.0,diffbind/2.6.6.4
1008, 2021-05 ,2.0,taxonomy_krona_chart/2.6.1
1009, 2021-05 ,2.0,tb_variant_filter/0.1.3+galaxy0
1010, 2021-05 ,2.0,mummer_nucmer/4.0.0beta2+galaxy0
1011, 2021-05 ,2.0,macs2_callpeak/2.1.0.20140616.0
1012, 2021-05 ,2.0,CONVERTER_wig_to_bigwig/CONVERTER_wig_to_bigwig
1013, 2021-05 ,2.0,mummer_show_coords/4.0.0beta2+galaxy1
1014, 2021-05 ,2.0,feelnc/0.2
1015, 2021-05 ,2.0,translate_bed/0.1.0
1016, 2021-05 ,2.0,cshl_fastq_quality_filter/1.0.1
1017, 2021-05 ,2.0,transdecoder/3.0.1
1018, 2021-05 ,2.0,bedtools_coveragebed/2.29.2
1019, 2021-05 ,2.0,prokka/1.13
1020, 2021-05 ,2.0,rseqc_read_duplication/2.6.4
1021, 2021-05 ,2.0,mothur_get_otulist/1.39.5.0
1022, 2021-05 ,2.0,bedtools_maskfastabed/2.29.2
1023, 2021-05 ,2.0,trinity/2.9.1
1024, 2021-05 ,2.0,mothur_get_relabund/1.39.5.0
1025, 2021-05 ,1.0,cshl_fastx_clipper/1.0.1
1026, 2021-05 ,1.0,cshl_fastx_barcode_splitter/1.0.0
1027, 2021-05 ,1.0,fastq_to_fasta_python/1.1.1
1028, 2021-05 ,1.0,trimmomatic/0.36.3
1029, 2021-05 ,1.0,fastq_to_fasta_python/1.0.0
1030, 2021-05 ,1.0,fastqc/0.71
1031, 2021-05 ,1.0,fastq_quality_trimmer/1.0.0
1032, 2021-05 ,1.0,cshl_fastq_to_fasta/1.0.0
1033, 2021-05 ,1.0,cshl_fastq_quality_filter/1.0.2
1034, 2021-05 ,1.0,cshl_fastq_quality_converter/1.0.1
1035, 2021-05 ,1.0,fastq_paired_end_joiner/2.0.1.1
1036, 2021-05 ,1.0,fastq_paired_end_joiner/2.0.1.0
1037, 2021-05 ,1.0,fastq_paired_end_interlacer/1.2.0.1
1038, 2021-05 ,1.0,fastq_paired_end_deinterlacer/1.1.2
1039, 2021-05 ,1.0,fastq_combiner/1.0.1
1040, 2021-05 ,1.0,pizzly/0.37.3.1
1041, 2021-05 ,1.0,fasta_filter_by_length/1.1
1042, 2021-05 ,1.0,EMBOSS: wordmatch110/5.0.0.1
1043, 2021-05 ,1.0,poretools_events/0.6.1a1.1
1044, 2021-05 ,1.0,EMBOSS: trimest102/5.0.0.1
1045, 2021-05 ,1.0,poretools_nucdist/0.6.1a1.0
1046, 2021-05 ,1.0,poretools_qualdist/0.6.1a1.0
1047, 2021-05 ,1.0,poretools_squiggle/0.6.1a1.1
1048, 2021-05 ,1.0,createInterval/createInterval
1049, 2021-05 ,1.0,poretools_winner/0.6.1a1.0
1050, 2021-05 ,1.0,presto_alignsets/0.5.4
1051, 2021-05 ,1.0,presto_filterseq/0.5.4
1052, 2021-05 ,1.0,EMBOSS: tranalign100/5.0.0
1053, 2021-05 ,1.0,EMBOSS: supermatcher95/5.0.0.1
1054, 2021-05 ,1.0,EMBOSS: splitter92/5.0.0.1
1055, 2021-05 ,1.0,purge_dups/1.2.5+galaxy1
1056, 2021-05 ,1.0,EMBOSS: sirna89/5.0.0
1057, 2021-05 ,1.0,EMBOSS: shuffleseq87/5.0.0.1
1058, 2021-05 ,1.0,EMBOSS: seqret84/5.0.0
1059, 2021-05 ,1.0,EMBOSS: revseq82/5.0.0
1060, 2021-05 ,1.0,qualimap_counts/2.2.2d
1061, 2021-05 ,1.0,EMBOSS: prettyseq80/5.0.0.1
1062, 2021-05 ,1.0,EMBOSS: preg78/5.0.0+galaxy1
1063, 2021-05 ,1.0,EMBOSS: pepwindow73/5.0.0.1
1064, 2021-05 ,1.0,raceid_inspecttrajectory/3.1
1065, 2021-05 ,1.0,raceid_trajectory/3.1
1066, 2021-05 ,1.0,EMBOSS: pepinfo69/5.0.0.1
1067, 2021-05 ,1.0,aggregate_scores_in_intervals2/aggregate_scores_in_intervals2
1068, 2021-05 ,1.0,__TAG_FROM_FILE__/__TAG_FROM_FILE__
1069, 2021-05 ,1.0,EMBOSS: newcpgreport57/5.0.0.1
1070, 2021-05 ,1.0,EMBOSS: newcpgreport57/5.0.0
1071, 2021-05 ,1.0,rnaspades/3.9.0.1
1072, 2021-05 ,1.0,EMBOSS: lindna48/5.0.0.1
1073, 2021-05 ,1.0,EMBOSS: infoseq46/5.0.0
1074, 2021-05 ,1.0,EMBOSS: fuzzpro38/5.0.0.1
1075, 2021-05 ,1.0,EMBOSS: freak36/5.0.0.1
1076, 2021-05 ,1.0,sarscov2summary/0.1
1077, 2021-05 ,1.0,EMBOSS: diffseq22/5.0.0.1
1078, 2021-05 ,1.0,iterative_map_pipeline/1.0
1079, 2021-05 ,1.0,seqtk_listhet/1.3.1
1080, 2021-05 ,1.0,EMBOSS: cpgreport16/5.0.0.1
1081, 2021-05 ,1.0,EMBOSS: checktrans9/5.0.0.1
1082, 2021-05 ,1.0,shovill/1.0.4+galaxy0
1083, 2021-05 ,1.0,mimodd_delcall/0.1.9
1084, 2021-05 ,1.0,EMBOSS: charge8/5.0.0.1
1085, 2021-05 ,1.0,EMBOSS: backtranseq2/6.6.0
1086, 2021-05 ,1.0,EMBOSS: antigenic1/5.0.0.1
1087, 2021-05 ,1.0,cummerbund_to_cuffdiff/1.0.1
1088, 2021-05 ,1.0,cuffmerge/0.0.6
1089, 2021-05 ,1.0,cufflinks/2.2.1.2
1090, 2021-05 ,1.0,cufflinks/0.0.6
1091, 2021-05 ,1.0,snpEff_build_gb/4.3+T.galaxy3
1092, 2021-05 ,1.0,cuffdiff/2.2.1.5
1093, 2021-05 ,1.0,snpEff_download/4.3+T.galaxy1
1094, 2021-05 ,1.0,Add_a_column1/1.5
1095, 2021-05 ,1.0,Add_a_column1/1.3.1
1096, 2021-05 ,1.0,cca1/1.0.0
1097, 2021-05 ,1.0,bwa_mem/0.7.12.1
1098, 2021-05 ,1.0,bwa_mem/0.4.2
1099, 2021-05 ,1.0,bwa/0.7.12.1
1100, 2021-05 ,1.0,snpSift_rmInfo/4.3+t.galaxy0
1101, 2021-05 ,1.0,bwa/0.4.2
1102, 2021-05 ,1.0,bowtie2/2.3.4.3
1103, 2021-05 ,1.0,sqlite_to_tabular/2.0.1
1104, 2021-05 ,1.0,bowtie2/2.3.4.1
1105, 2021-05 ,1.0,fastq_dump/2.10.4
1106, 2021-05 ,1.0,bowtie2/2.3.2.2
1107, 2021-05 ,1.0,bowtie2/0.3
1108, 2021-05 ,1.0,sam_dump/2.10.8+galaxy0
1109, 2021-05 ,1.0,bamFilter/0.0.2
1110, 2021-05 ,1.0,stringtie/1.3.6
1111, 2021-05 ,1.0,bamtools/0.0.2
1112, 2021-05 ,1.0,bamtools/0.0.1
1113, 2021-05 ,1.0,taxonomy_krona_chart/2.6.0
1114, 2021-05 ,1.0,tb_profiler_profile/2.8.4+galaxy1
1115, 2021-05 ,1.0,tetyper/1.1+galaxy1
1116, 2021-05 ,1.0,Interval2Maf1/Interval2Maf1
1117, 2021-05 ,1.0,tn93_filter/1.0.6
1118, 2021-05 ,1.0,tn93_readreduce/1.0.4
1119, 2021-05 ,1.0,transdecoder/5.5.0+galaxy0
1120, 2021-05 ,1.0,transit_gumbel/3.0.2+galaxy0
1121, 2021-05 ,1.0,transit_hmm/3.0.2+galaxy0
1122, 2021-05 ,1.0,transit_resampling/3.0.2+galaxy0
1123, 2021-05 ,1.0,gmx_sim/2020.2+galaxy0
1124, 2021-05 ,1.0,seqtk_mergepe/1.3.1
1125, 2021-05 ,1.0,bedtools_fisher/2.29.0
1126, 2021-05 ,1.0,bedtools_coveragebed/2.22.1
1127, 2021-05 ,1.0,bedtools_closestbed/2.29.0
1128, 2021-05 ,1.0,bedtools_bedpetobam/2.30.0
1129, 2021-05 ,1.0,gprofiler_random/0.1.7+galaxy11
1130, 2021-05 ,1.0,bedtools_bamtobed/2.29.0
1131, 2021-05 ,1.0,heinz/1.0
1132, 2021-05 ,1.0,heinz_scoring/1.0
1133, 2021-05 ,1.0,bcftools_stats/1.4.0
1134, 2021-05 ,1.0,hisat2/2.1.0
1135, 2021-05 ,1.0,hisat2/2.1.0+galaxy3
1136, 2021-05 ,1.0,bcftools_roh/1.10
1137, 2021-05 ,1.0,bcftools_reheader/1.4.0
1138, 2021-05 ,1.0,hyphy_absrel/2.5.31+galaxy0
1139, 2021-05 ,1.0,hyphy_absrel/2.5.31+galaxy1
1140, 2021-05 ,1.0,hyphy_absrel/2.5.4+galaxy0
1141, 2021-05 ,1.0,hyphy_bgm/2.5.31+galaxy1
1142, 2021-05 ,1.0,hyphy_bgm/2.5.31+galaxy2
1143, 2021-05 ,1.0,hyphy_gard/2.5.4+galaxy0
1144, 2021-05 ,1.0,bcftools_plugin_tag2tag/1.9+galaxy1
1145, 2021-05 ,1.0,hyphy_prime/2.5.31+galaxy1
1146, 2021-05 ,1.0,hyphy_relax/2.5.31+galaxy1
1147, 2021-05 ,1.0,hyphy_strike_ambigs/2.5.31
1148, 2021-05 ,1.0,idba_hybrid/1.1.3
1149, 2021-05 ,1.0,idba_tran/1.1.3+galaxy0
1150, 2021-05 ,1.0,deeptools_bam_coverage/3.3.0.0.0
1151, 2021-05 ,1.0,bcftools_plugin_setgt/1.9+galaxy1
1152, 2021-05 ,1.0,bcftools_plugin_setgt/1.10
1153, 2021-05 ,1.0,bcftools_plugin_missing2ref/1.9+galaxy1
1154, 2021-05 ,1.0,bcftools_plugin_missing2ref/1.10
1155, 2021-05 ,1.0,bcftools_plugin_mendelian/1.9+galaxy1
1156, 2021-05 ,1.0,ivar_filtervariants/1.2.2+galaxy0
1157, 2021-05 ,1.0,bcftools_plugin_impute_info/1.9+galaxy1
1158, 2021-05 ,1.0,bcftools_plugin_impute_info/1.10
1159, 2021-05 ,1.0,ivar_removereads/1.3.1+galaxy0
1160, 2021-05 ,1.0,bcftools_plugin_frameshifts/1.10
1161, 2021-05 ,1.0,bcftools_plugin_fill_an_ac/1.10
1162, 2021-05 ,1.0,iwtomics_plotwithscale/1.0.0.0
1163, 2021-05 ,1.0,iwtomics_testandplot/1.0.0.0
1164, 2021-05 ,1.0,deeptools_bam_coverage/3.1.2.0.0
1165, 2021-05 ,1.0,bcftools_plugin_counts/1.4.0
1166, 2021-05 ,1.0,jbrowse/1.16.11+galaxy1
1167, 2021-05 ,1.0,jbrowse/1.16.5+galaxy7
1168, 2021-05 ,1.0,bcftools_norm/1.9+galaxy1
1169, 2021-05 ,1.0,bcftools_mpileup/1.4.0.0
1170, 2021-05 ,1.0,bcftools_gtcheck/1.10
1171, 2021-05 ,1.0,bcftools_convert_from_vcf/1.10
1172, 2021-05 ,1.0,kallisto_pseudo/0.43.1.1
1173, 2021-05 ,1.0,bcftools_concat/1.9+galaxy1
1174, 2021-05 ,1.0,bcftools_call/1.9+galaxy1
1175, 2021-05 ,1.0,bcftools_call/1.4.0
1176, 2021-05 ,1.0,khmer_count_median/3.0.0a3+galaxy1
1177, 2021-05 ,1.0,khmer_partition/3.0.0a3+galaxy1
1178, 2021-05 ,1.0,kobas_identify/2.1.1
1179, 2021-05 ,1.0,annotatemyids/3.7.0
1180, 2021-05 ,1.0,annotatemyids/3.5.0.1
1181, 2021-05 ,1.0,anndata_export/0.7.5+galaxy0
1182, 2021-05 ,1.0,limma_voom/3.38.3+galaxy2
1183, 2021-05 ,1.0,spring_map/0.2+galaxy0
1184, 2021-05 ,1.0,ems_variant_density_mapping/1.0.0
1185, 2021-05 ,1.0,in_silico_complementation/1.0.0
1186, 2021-05 ,1.0,check_snpeff_candidates/1.0.0
1187, 2021-05 ,1.0,ks_distribution/1.0.3.0
1188, 2021-05 ,1.0,plant_tribes_gene_family_phylogeny_builder/1.0.3.1
1189, 2021-05 ,1.0,plant_tribes_gene_family_phylogeny_builder/1.0.3.0
1190, 2021-05 ,1.0,plant_tribes_gene_family_integrator/1.0.3.0
1191, 2021-05 ,1.0,macs2_callpeak/2.1.1.20160309.4
1192, 2021-05 ,1.0,search_gui/3.3.10.1
1193, 2021-05 ,1.0,macs2_predictd/2.1.1.20160309.0
1194, 2021-05 ,1.0,peptide_shaker/1.16.36.3
1195, 2021-05 ,1.0,macs2_randsample/2.1.1.20160309.1
1196, 2021-05 ,1.0,bed_to_protein_map/0.2.0
1197, 2021-05 ,1.0,multiqc/1.0.0.0
1198, 2021-05 ,1.0,XY_Plot_1/1.0.1
1199, 2021-05 ,1.0,vcfselectsamples/0.0.3
1200, 2021-05 ,1.0,megahit/1.1.3.4
1201, 2021-05 ,1.0,vcfleftalign/1.0.0_rc3+galaxy0
1202, 2021-05 ,1.0,meme_meme/4.11.1.0
1203, 2021-05 ,1.0,metagenomeseq_normalizaton/1.16.0-0.0.1
1204, 2021-05 ,1.0,vcfdistance/1.0.0_rc3+galaxy0
1205, 2021-05 ,1.0,minimap2/2.17+galaxy3
1206, 2021-05 ,1.0,vcf2tsv/1.0.0_rc1+galaxy0
1207, 2021-05 ,1.0,master2pgSnp/master2pgSnp
1208, 2021-05 ,1.0,modify_loom/0.7.5+galaxy0
1209, 2021-05 ,1.0,mothur_bin_seqs/1.39.5.0
1210, 2021-05 ,1.0,t2t_report/1.0.0
1211, 2021-05 ,1.0,mothur_chimera_slayer/1.39.5.0
1212, 2021-05 ,1.0,Draw_phylogram/1.0.0
1213, 2021-05 ,1.0,hgv_snpFreq/1.0.1
1214, 2021-05 ,1.0,mothur_classify_otu/1.36.1.0
1215, 2021-05 ,1.0,hgv_pass/hgv_pass
1216, 2021-05 ,1.0,samtools_stats/2.0.1
1217, 2021-05 ,1.0,mothur_classify_tree/1.39.5.0
1218, 2021-05 ,1.0,samtools_sort/2.0
1219, 2021-05 ,1.0,mothur_cluster_classic/1.39.5.0
1220, 2021-05 ,1.0,mothur_cluster_fragments/1.39.5.0
1221, 2021-05 ,1.0,mothur_count_seqs/1.36.1.0
1222, 2021-05 ,1.0,samtools_reheader/2.0.1+galaxy1
1223, 2021-05 ,1.0,mothur_degap_seqs/1.39.5.0
1224, 2021-05 ,1.0,samtools_mpileup/0.0.1
1225, 2021-05 ,1.0,samtools_idxstats/2.0
1226, 2021-05 ,1.0,mothur_filter_seqs/1.36.1.0
1227, 2021-05 ,1.0,samtools_flagstat/2.0.1
1228, 2021-05 ,1.0,samtools_flagstat/1.0.0
1229, 2021-05 ,1.0,mothur_get_oturep/1.39.5.0
1230, 2021-05 ,1.0,mothur_get_seqs/1.39.5.0
1231, 2021-05 ,1.0,sam_to_bam/2.1
1232, 2021-05 ,1.0,sam_merge2/1.1.2
1233, 2021-05 ,1.0,mothur_homova/1.39.5.0
1234, 2021-05 ,1.0,trimmomatic/0.32.3
1235, 2021-05 ,1.0,mothur_list_seqs/1.39.5.0
1236, 2021-05 ,1.0,plot_for_lda_output1/1.0.1
1237, 2021-05 ,1.0,rgPicardMarkDups/1.56.0
1238, 2021-05 ,1.0,picard_SamToFastq/2.7.1.0
1239, 2021-05 ,1.0,mothur_make_fastq/1.39.5.0
1240, 2021-05 ,1.0,mothur_make_group/1.36.1.0
1241, 2021-05 ,1.0,picard_RevertSam/2.18.2.1
1242, 2021-05 ,1.0,picard_ReplaceSamHeader/2.18.2.1
1243, 2021-05 ,1.0,picard_EstimateLibraryComplexity/2.18.2.1
1244, 2021-05 ,1.0,mothur_merge_files/1.36.1.0
1245, 2021-05 ,1.0,mothur_metastats/1.39.5.0
1246, 2021-05 ,1.0,mothur_otu_association/1.39.5.0
1247, 2021-05 ,1.0,mothur_parsimony/1.39.5.0
1248, 2021-05 ,1.0,mothur_pcr_seqs/1.36.1.0
1249, 2021-05 ,1.0,trimmomatic/0.36.2
1250, 2021-05 ,1.0,picard_AddOrReplaceReadGroups/2.7.1.0
1251, 2021-05 ,1.0,ncbi_makeprofiledb/2.10.1+galaxy0
1252, 2021-05 ,1.0,mothur_rarefaction_single/1.36.1.0
1253, 2021-05 ,1.0,ncbi_makeblastdb/0.3.3
1254, 2021-05 ,1.0,ncbi_blastn_wrapper/0.3.0
1255, 2021-05 ,1.0,microsats_align1/1.0.0
1256, 2021-05 ,1.0,mothur_reverse_seqs/1.39.5.0
1257, 2021-05 ,1.0,mothur_screen_seqs/1.36.1.0
1258, 2021-05 ,1.0,lca1/1.0.1
1259, 2021-05 ,1.0,lastz_d_wrapper/1.3.2
1260, 2021-05 ,1.0,hgv_hilbertvis/1.0.0
1261, 2021-05 ,1.0,mothur_sort_seqs/1.39.5.0
1262, 2021-05 ,1.0,mothur_summary_seqs/1.36.1.0
1263, 2021-05 ,1.0,Fetch Taxonomic Ranks/1.1.0
1264, 2021-05 ,1.0,mothur_summary_shared/1.39.5.0
1265, 2021-05 ,1.0,freebayes/freebayes-0.9.14
1266, 2021-05 ,1.0,freebayes/0.4.1
1267, 2021-05 ,1.0,featureCoverage1/2.0.0
1268, 2021-05 ,1.0,mothur_trim_flows/1.39.5.0
1269, 2021-05 ,1.0,cshl_fastx_trimmer/1.0.1
1270, 2021-05 ,1.0,mothur_unifrac_weighted/1.39.5.0
1271, 2021-05 ,1.0,mothur_unique_seqs/1.36.1.0
1272, 2021-05 ,1.0,cshl_fastx_reverse_complement/1.0.0
1273, 2021-05 ,1.0,msaboot/0.1.2
1274, 2021-05 ,1.0,cshl_fastx_renamer/0.0.11
1275, 2021-05 ,1.0,cshl_fastx_nucleotides_distribution/1.0.0
1276, 2021-05 ,1.0,model_prediction/1.0.8.2
1277, 2021-05 ,1.0,hifiasm/0.14
1278, 2021-05 ,1.0,allele_counts_1/1.2
1279, 2021-05 ,1.0,diffbind/2.6.5.0
1280, 2021-05 ,1.0,make_families/2.15
1281, 2021-05 ,1.0,align_families/0.3
1282, 2021-05 ,1.0,duplex/0.3
1283, 2021-05 ,1.0,make_families/0.3
1284, 2021-05 ,1.0,deeptools_plot_profile/3.1.2.0.0
1285, 2021-05 ,1.0,deeptools_plot_heatmap/3.1.2.0.1
1286, 2021-05 ,1.0,deeptools_plot_heatmap/2.5.0.0
1287, 2021-05 ,1.0,rseqc_geneBody_coverage/2.6.4.2
1288, 2021-05 ,1.0,deeptools_plot_coverage/3.3.0.0.0
1289, 2021-05 ,1.0,rseqc_geneBody_coverage2/2.6.4.1
1290, 2021-05 ,1.0,rseqc_infer_experiment/2.6.4
1291, 2021-05 ,1.0,deeptools_compute_matrix/3.3.0.0.0
1292, 2021-05 ,1.0,rseqc_inner_distance/2.6.4.1
1293, 2021-05 ,1.0,rseqc_junction_saturation/2.6.4.1
1294, 2021-05 ,1.0,datamash_ops/1.0.6
1295, 2021-05 ,1.0,crossmap_vcf/0.3.7
1296, 2021-05 ,1.0,edger/3.24.1
1297, 2021-05 ,1.0,circos_resample/0.69.8+galaxy7
1298, 2021-05 ,1.0,circos/0.69.8+galaxy4
1299, 2021-05 ,1.0,deeptools_compute_gc_bias/3.3.2.0.0
1300, 2021-05 ,1.0,cat_summarise/5.0.3.0
1301, 2021-05 ,1.0,cat_bins/5.0.3.1
1302, 2021-05 ,1.0,blastxml_to_gapped_gff3/1.1
1303, 2021-05 ,1.0,fasta_nucleotide_color_plot/1.0.1
1304, 2021-05 ,1.0,tradis_gene_insert_sites/1.4.5+galaxy2
1305, 2021-05 ,1.0,fasta-stats/1.0.2
1306, 2021-05 ,1.0,fastqe/0.2.6+galaxy0
1307, 2021-05 ,1.0,bedtools_windowbed/2.29.0
1308, 2021-05 ,1.0,featurecounts/1.6.0.6
1309, 2021-05 ,1.0,featurecounts/1.6.2
1310, 2021-05 ,1.0,bedtools_shufflebed/2.30.0
1311, 2021-05 ,1.0,bedtools_randombed/2.30.0
1312, 2021-05 ,1.0,bedtools_multicovtbed/2.29.2
1313, 2021-05 ,1.0,gatk4_mutect2/4.1.4.0+galaxy2
1314, 2021-05 ,1.0,bedtools_multicovtbed/2.27.0.0
1315, 2021-05 ,1.0,genetrack/1.0.1
1316, 2021-05 ,1.0,bedtools_map/2.30.0.2
1317, 2021-05 ,1.0,bedtools_makewindowsbed/2.29.2
1318, 2021-05 ,1.0,bedtools_intersectbed/2.27.1
1319, 2021-05 ,1.0,bedtools_intersectbed/2.24.0
1320, 2021-05 ,1.0,ggplot2_heatmap2/2.2.1+galaxy1
1321, 2021-05 ,1.0,bedtools_genomecoveragebed/2.29.2
1322, 2021-05 ,1.0,naive_variant_caller/0.0.1
1323, 2021-05 ,1.0,tp_sort_header_tool/1.1.0
1324, 2021-05 ,1.0,CONVERTER_biom1_to_biom2/CONVERTER_biom1_to_biom2
1325, 2021-05 ,1.0,tsne/0.0.2
1326, 2021-05 ,1.0,tp_replace_in_line/1.1.1
1327, 2021-05 ,1.0,tp_grep_tool/1.1.0
1328, 2021-05 ,1.0,tp_find_and_replace/1.0.0
1329, 2021-05 ,1.0,tp_easyjoin_tool/1.1.1
1330, 2021-05 ,1.0,unicycler/0.4.1.1
1331, 2021-05 ,1.0,CONVERTER_Pdb_to_Gro_0/CONVERTER_Pdb_to_Gro_0
1332, 2021-05 ,1.0,tp_easyjoin_tool/1.0.0
1333, 2021-05 ,1.0,valet/1.0.0
1334, 2021-05 ,1.0,sklearn_train_test_split/1.0.8.2
1335, 2021-05 ,1.0,vegan_diversity/2.4-3
1336, 2021-05 ,1.0,CONVERTER_picard_interval_list_to_bed6/CONVERTER_picard_interval_list_to_bed6
1337, 2021-05 ,1.0,sklearn_stacking_ensemble_models/1.0.8.2
1338, 2021-05 ,1.0,vsearch_chimera_detection/1.9.7.0
1339, 2021-05 ,1.0,sklearn_searchcv/1.0.8.2
1340, 2021-05 ,1.0,vsearch_masking/2.8.3.0
1341, 2021-05 ,1.0,cutadapt/1.16.1
1342, 2021-05 ,1.0,sklearn_nn_classifier/1.0.8.2
1343, 2021-05 ,1.0,sklearn_generalized_linear/1.0.8.2
1344, 2021-05 ,1.0,sklearn_ensemble/1.0.8.2
1345, 2021-05 ,1.0,sklearn_build_pipeline/1.0.8.2
1346, 2021-05 ,1.0,salmon/0.14.1.2
1347, 2021-05 ,1.0,sailfish/0.7.6.0
1348, 2021-05 ,1.0,gd_extract_flanking_dna/1.0.0
1349, 2021-05 ,1.0,gd_extract_primers/1.0.0
1350, 2021-05 ,1.0,gd_make_gd_file/1.0.0
1351, 2021-05 ,1.0,plotly_regression_performance_plots/0.1
1352, 2021-05 ,1.0,gd_pathway_image/1.0.0
1353, 2021-05 ,1.0,plotly_ml_performance_plots/0.2
1354, 2021-05 ,1.0,gd_population_structure/1.0.0
1355, 2021-05 ,0.0,MAF_Reverse_Complement_1/MAF_Reverse_Complement_1
1356, 2021-05 ,0.0,MAF_Thread_For_Species1/MAF_Thread_For_Species1
1357, 2021-05 ,0.0,Interval_Maf_Merged_Fasta2/Interval_Maf_Merged_Fasta2
1358, 2021-05 ,0.0,kraken2/2.0.8_beta+galaxy0
1359, 2021-05 ,0.0,EMBOSS: coderet13/5.0.0
1360, 2021-05 ,0.0,bedtools_flankbed/2.27.0.0
1361, 2021-05 ,0.0,picard_CollectGcBiasMetrics/2.18.2.1
1362, 2021-05 ,0.0,flymine/flymine
1363, 2021-05 ,0.0,tp_sort_header_tool/1.0.0
1364, 2021-05 ,0.0,mothur_make_lefse/1.36.1.0
1365, 2021-05 ,0.0,Interval2Maf1/1.0.1+galaxy0
1366, 2021-05 ,0.0,EMBOSS: trimseq103/5.0.0.1
1367, 2021-05 ,0.0,samtools_slice_bam/0.0.1
1368, 2021-05 ,0.0,samtools_slice_bam/2.0
1369, 2021-05 ,0.0,mixcr_analyze/3.0.5.0
1370, 2021-05 ,0.0,fastqc/0.65
1371, 2021-05 ,0.0,Profilegenerator/2.0.0
1372, 2021-05 ,0.0,maf_stats1/1.0.1+galaxy0
1373, 2021-05 ,0.0,gmaj_1/2.0.1
1374, 2021-05 ,0.0,Interval2Maf_pairwise1/Interval2Maf_pairwise1
1375, 2021-05 ,0.0,CONVERTER_gff_to_bgzip_0/CONVERTER_gff_to_bgzip_0
1376, 2021-05 ,0.0,vcfcheck/1.0.0_rc3+galaxy0
1377, 2021-05 ,0.0,modENCODEfly/modENCODEfly
1378, 2021-05 ,0.0,CONVERTER_maf_to_interval_0/CONVERTER_maf_to_interval_0
1379, 2021-05 ,0.0,modENCODEworm/modENCODEworm
1380, 2021-05 ,0.0,hifive/0.1.0
1381, 2021-05 ,0.0,vcfrandomsample/1.0.0_rc3+galaxy0
1382, 2021-05 ,0.0,EMBOSS: dottup26/5.0.0
1383, 2021-05 ,0.0,bg_diamond_makedb/0.8.24
1384, 2021-05 ,0.0,EMBOSS: epestfind29/5.0.0.1
1385, 2021-05 ,0.0,pep_pointer/0.1.3
1386, 2021-05 ,0.0,EMBOSS: helixturnhelix43/5.0.0.1
1387, 2021-05 ,0.0,sklearn_sample_generator/1.0.8.2
1388, 2021-05 ,0.0,rseqc_RNA_fragment_size/2.6.4.1
1389, 2021-05 ,0.0,EMBOSS: oddcomp64/5.0.0.1
1390, 2021-05 ,0.0,EMBOSS: pepcoil68/5.0.0.1
1391, 2021-05 ,0.0,deeptools_plot_pca/3.1.2.0.0
1392, 2021-05 ,0.0,microsatpurity/1.0.0
1393, 2021-05 ,0.0,bedtools_reldistbed/2.29.2
1394, 2021-05 ,0.0,bedtools_unionbedgraph/2.29.2
1395, 2021-05 ,0.0,galaxy_intermine_exchange/0.0.1
1396, 2021-05 ,0.0,Extract genomic DNA 1/3.0.3
1397, 2021-05 ,0.0,poretools_yield_plot/0.6.1a1.1
1398, 2021-05 ,0.0,bcftools_plugin_mendelian/1.10
1399, 2021-05 ,0.0,ffindex_dbkit_merge/0.2+galaxy0
1400, 2021-05 ,0.0,gd_filter_gd_snp/1.2.0
